date_time,symbol,order_type,direction,volume,price,take_profit,stop_loss,order_num,commission,swap,profit,balance
2018-01-02 00:00:00,1,sell,in,0.01,1.20088,0.0,0.0,2,0.0,0.0,0.0,5000.0
2018-01-03 04:00:00,2,sell,in,0.08,1.20529,0.0,0.0,2,0.0,0.0,0.0,5000.0
2018-01-03 08:00:00,2,buy,out,0.08,1.20583,0.0,0.0,3,0.0,0.0,-4.32,4995.68
2018-01-03 09:00:00,2,sell,in,0.08,1.20448,0.0,0.0,4,0.0,0.0,0.0,4995.68
2018-01-08 03:09:40,3,buy,in,0.1,1.20468,1.20967,0.0,2,0.0,0.0,0.0,4995.68
2018-01-08 04:00:00,2,buy,out,0.08,1.20446,0.0,0.0,5,0.0,-0.4,0.16,4995.84
2018-01-08 05:00:00,2,sell,in,0.08,1.20358,0.0,0.0,6,0.0,0.0,0.0,4995.84
2018-01-08 12:48:40,1,buy,out,0.01,1.2006,0.0,0.0,3,0.0,-0.06,0.28,4996.12
2018-01-08 13:00:00,1,sell,in,0.01,1.20036,0.0,0.0,4,0.0,0.0,0.0,4996.12
2018-01-08 18:21:40,1,buy,out,0.01,1.19803,0.0,0.0,5,0.0,0.0,2.33,4998.45
2018-01-08 18:30:00,1,sell,in,0.01,1.19776,0.0,0.0,6,0.0,0.0,0.0,4998.45
2018-01-08 19:08:20,1,buy,out,0.01,1.19762,0.0,0.0,7,0.0,0.0,0.14,4998.59
2018-01-08 19:30:00,1,sell,in,0.01,1.19724,0.0,0.0,8,0.0,0.0,0.0,4998.59
2018-01-09 00:00:40,1,buy,out,0.01,1.19685,0.0,0.0,9,0.0,-0.01,0.39,4998.9800000000005
2018-01-09 00:30:00,1,sell,in,0.01,1.19662,0.0,0.0,10,0.0,0.0,0.0,4998.9800000000005
2018-01-09 16:11:40,1,buy,out,0.01,1.19316,0.0,0.0,11,0.0,0.0,3.46,5002.4400000000005
2018-01-09 16:30:00,1,sell,in,0.01,1.19284,0.0,0.0,12,0.0,0.0,0.0,5002.4400000000005
2018-01-09 17:38:40,1,buy,out,0.01,1.19277,0.0,0.0,13,0.0,0.0,0.07,5002.51
2018-01-09 18:00:00,1,sell,in,0.01,1.19298,0.0,0.0,14,0.0,0.0,0.0,5002.51
2018-01-09 18:33:40,1,buy,out,0.01,1.19261,0.0,0.0,15,0.0,0.0,0.37,5002.88
2018-01-09 19:00:00,1,sell,in,0.01,1.19212,0.0,0.0,16,0.0,0.0,0.0,5002.88
2018-01-10 03:00:00,2,buy,out,0.08,1.19377,0.0,0.0,7,0.0,-0.16,78.48,5081.36
2018-01-10 08:00:00,2,sell,in,0.09,1.1928,0.0,0.0,8,0.0,0.0,0.0,5081.36
2018-01-10 10:00:00,2,buy,out,0.09,1.19349,0.0,0.0,9,0.0,0.0,-6.21,5075.15
2018-01-10 20:00:00,3,sell,out,0.1,1.19601,0.0,0.0,3,0.0,-0.14,-86.7,4988.45
2018-01-10 20:00:20,3,sell,in,0.1,1.19592,1.1909299999999998,0.0,4,0.0,0.0,0.0,4988.45
2018-01-11 15:00:00,2,buy,in,0.08,1.20042,0.0,0.0,10,0.0,0.0,0.0,4988.45
2018-01-16 03:00:00,2,sell,out,0.08,1.22623,0.0,0.0,11,0.0,-0.18,206.48,5194.929999999999
2018-01-16 06:00:00,2,sell,in,0.09,1.22577,0.0,0.0,12,0.0,0.0,0.0,5194.929999999999
2018-01-16 09:00:00,2,buy,out,0.09,1.22672,0.0,0.0,13,0.0,0.0,-8.55,5186.379999999999
2018-01-16 10:00:00,2,sell,in,0.09,1.22467,0.0,0.0,14,0.0,0.0,0.0,5186.379999999999
2018-01-17 18:00:00,3,buy,out,0.1,1.2242,0.0,0.0,5,0.0,-0.7,-282.8,4903.579999999999
2018-01-17 18:00:20,3,buy,in,0.1,1.22429,1.22928,0.0,6,0.0,0.0,0.0,4903.579999999999
2018-01-17 20:00:00,2,buy,out,0.09,1.22518,0.0,0.0,15,0.0,-0.09,-4.59,4898.989999999999
2018-01-17 21:37:20,3,sell,out,0.1,1.22581,0.0,0.0,7,0.0,0.0,15.2,4914.189999999999
2018-01-17 23:00:00,2,sell,in,0.01,1.2217,0.0,0.0,16,0.0,0.0,0.0,4914.189999999999
2018-01-18 12:00:00,2,buy,out,0.01,1.22146,0.0,0.0,17,0.0,-0.03,0.24,4914.4299999999985
2018-01-19 04:00:00,2,buy,in,0.09,1.22436,0.0,0.0,18,0.0,0.0,0.0,4914.4299999999985
2018-01-19 15:04:40,3,sell,in,0.1,1.22507,1.2200799999999998,0.0,8,0.0,0.0,0.0,4914.4299999999985
2018-01-19 16:00:00,2,sell,out,0.09,1.22434,0.0,0.0,19,0.0,0.0,-0.18,4914.249999999998
2018-01-22 00:00:00,3,buy,out,0.1,1.2245,0.0,0.0,9,0.0,-0.1,5.7,4919.949999999998
2018-01-22 03:00:00,2,sell,in,0.09,1.22444,0.0,0.0,20,0.0,0.0,0.0,4919.949999999998
2018-01-22 10:00:00,2,buy,out,0.09,1.22373,0.0,0.0,21,0.0,0.0,6.39,4926.339999999998
2018-01-22 10:09:20,3,buy,in,0.1,1.22458,1.22957,0.0,10,0.0,0.0,0.0,4926.339999999998
2018-01-22 19:00:00,2,sell,in,0.09,1.22286,0.0,0.0,22,0.0,0.0,0.0,4926.339999999998
2018-01-22 20:00:00,2,buy,out,0.09,1.2243700000000002,0.0,0.0,23,0.0,0.0,-13.59,4912.749999999998
2018-01-23 07:00:00,3,sell,out,0.1,1.22596,0.0,0.0,11,0.0,-0.07,13.8,4926.549999999998
2018-01-23 07:29:40,3,sell,in,0.1,1.22517,1.2201799999999998,0.0,12,0.0,0.0,0.0,4926.549999999998
2018-01-23 09:00:00,2,sell,in,0.09,1.22478,0.0,0.0,24,0.0,0.0,0.0,4926.549999999998
2018-01-23 16:00:00,2,buy,out,0.09,1.22587,0.0,0.0,25,0.0,0.0,-9.81,4916.739999999998
2018-01-25 11:00:00,2,sell,in,0.01,1.23966,0.0,0.0,26,0.0,0.0,0.0,4916.739999999998
2018-01-25 12:00:00,2,buy,out,0.01,1.24319,0.0,0.0,27,0.0,0.0,-3.53,4913.209999999998
2018-01-25 13:00:00,2,sell,in,0.01,1.24134,0.0,0.0,28,0.0,0.0,0.0,4913.209999999998
2018-01-25 16:00:00,2,buy,out,0.01,1.24968,0.0,0.0,29,0.0,0.0,-8.34,4904.869999999998
2018-01-25 22:00:00,2,sell,in,0.01,1.23901,0.0,0.0,30,0.0,0.0,0.0,4904.869999999998
2018-01-26 09:00:00,2,buy,out,0.01,1.24506,0.0,0.0,31,0.0,-0.01,-6.05,4898.819999999998
2018-01-26 17:00:00,2,buy,in,0.01,1.24414,0.0,0.0,32,0.0,0.0,0.0,4898.819999999998
2018-01-26 18:00:00,2,sell,out,0.01,1.24327,0.0,0.0,33,0.0,0.0,-0.87,4897.949999999998
2018-01-26 21:00:00,2,buy,in,0.01,1.24443,0.0,0.0,34,0.0,0.0,0.0,4897.949999999998
2018-01-29 09:07:40,3,buy,out,0.1,1.24271,0.0,0.0,13,0.0,-0.6,-175.4,4722.549999999998
2018-01-29 09:08:20,3,buy,in,0.1,1.2429,1.24789,0.0,14,0.0,0.0,0.0,4722.549999999998
2018-01-30 02:00:00,2,sell,out,0.01,1.2381,0.0,0.0,35,0.0,-0.02,-6.33,4716.219999999998
2018-01-30 03:00:00,2,sell,in,0.01,1.23763,0.0,0.0,36,0.0,0.0,0.0,4716.219999999998
2018-01-30 04:00:00,2,buy,out,0.01,1.23854,0.0,0.0,37,0.0,0.0,-0.91,4715.309999999999
2018-01-30 05:00:00,2,sell,in,0.01,1.23691,0.0,0.0,38,0.0,0.0,0.0,4715.309999999999
2018-01-30 06:00:00,2,buy,out,0.01,1.23788,0.0,0.0,39,0.0,0.0,-0.97,4714.339999999998
2018-01-30 07:00:00,2,sell,in,0.01,1.2371299999999998,0.0,0.0,40,0.0,0.0,0.0,4714.339999999998
2018-01-30 11:00:00,2,buy,out,0.01,1.2382799999999998,0.0,0.0,41,0.0,0.0,-1.15,4713.189999999999
2018-01-30 20:08:40,3,sell,out,0.1,1.23988,0.0,0.0,15,0.0,-0.07,-30.2,4682.989999999999
2018-01-30 20:09:40,3,sell,in,0.1,1.23956,1.2345700000000002,0.0,16,0.0,0.0,0.0,4682.989999999999
2018-01-30 22:00:00,2,buy,in,0.01,1.24054,0.0,0.0,42,0.0,0.0,0.0,4682.989999999999
2018-01-30 23:00:00,2,sell,out,0.01,1.23946,0.0,0.0,43,0.0,0.0,-1.08,4681.909999999999
2018-01-31 00:00:00,2,buy,in,0.01,1.24027,0.0,0.0,44,0.0,0.0,0.0,4681.909999999999
2018-01-31 19:00:00,2,sell,out,0.01,1.24271,0.0,0.0,45,0.0,0.0,2.44,4684.3499999999985
2018-02-01 11:00:00,2,buy,in,0.08,1.24284,0.0,0.0,46,0.0,0.0,0.0,4684.3499999999985
2018-02-02 11:00:00,2,sell,out,0.08,1.24935,0.0,0.0,47,0.0,-0.06,52.08,4736.4299999999985
2018-02-05 04:45:20,3,buy,out,0.1,1.24592,0.0,0.0,17,0.0,-0.6,-63.6,4672.829999999998
2018-02-05 05:00:00,2,buy,in,0.08,1.24612,0.0,0.0,48,0.0,0.0,0.0,4672.829999999998
2018-02-05 06:00:00,2,sell,out,0.08,1.24548,0.0,0.0,49,0.0,0.0,-5.12,4667.709999999998
2018-02-05 11:00:00,2,buy,in,0.08,1.24623,0.0,0.0,50,0.0,0.0,0.0,4667.709999999998
2018-02-05 14:00:00,2,sell,out,0.08,1.24476,0.0,0.0,51,0.0,0.0,-11.76,4655.949999999998
2018-02-06 10:00:00,2,buy,in,0.01,1.2396,0.0,0.0,52,0.0,0.0,0.0,4655.949999999998
2018-02-06 14:00:00,2,sell,out,0.01,1.23726,0.0,0.0,53,0.0,0.0,-2.34,4653.609999999998
2018-02-06 19:07:40,3,buy,in,0.1,1.23869,1.24368,0.0,18,0.0,0.0,0.0,4653.609999999998
2018-02-06 23:00:00,2,sell,in,0.01,1.23706,0.0,0.0,54,0.0,0.0,0.0,4653.609999999998
2018-02-07 00:00:00,2,buy,out,0.01,1.23779,0.0,0.0,55,0.0,-0.01,-0.73,4652.879999999998
2018-02-08 16:00:00,2,buy,in,0.01,1.22757,0.0,0.0,56,0.0,0.0,0.0,4652.879999999998
2018-02-08 18:00:00,2,sell,out,0.01,1.22599,0.0,0.0,57,0.0,0.0,-1.58,4651.299999999998
2018-02-08 19:00:00,2,sell,in,0.01,1.22395,0.0,0.0,58,0.0,0.0,0.0,4651.299999999998
2018-02-08 21:00:00,2,buy,out,0.01,1.22667,0.0,0.0,59,0.0,0.0,-2.72,4648.579999999998
2018-02-08 23:00:00,2,sell,in,0.01,1.22441,0.0,0.0,60,0.0,0.0,0.0,4648.579999999998
2018-02-09 02:00:00,2,buy,out,0.01,1.22611,0.0,0.0,61,0.0,-0.01,-1.7,4646.879999999998
2018-02-09 05:00:00,2,buy,in,0.01,1.22553,0.0,0.0,62,0.0,0.0,0.0,4646.879999999998
2018-02-09 07:00:00,2,sell,out,0.01,1.22537,0.0,0.0,63,0.0,0.0,-0.16,4646.719999999998
2018-02-09 08:00:00,2,buy,in,0.01,1.22575,0.0,0.0,64,0.0,0.0,0.0,4646.719999999998
2018-02-09 14:00:00,2,sell,out,0.01,1.22406,0.0,0.0,65,0.0,0.0,-1.69,4645.029999999999
2018-02-09 16:00:00,2,buy,in,0.01,1.22766,0.0,0.0,66,0.0,0.0,0.0,4645.029999999999
2018-02-09 17:00:00,2,sell,out,0.01,1.22572,0.0,0.0,67,0.0,0.0,-1.94,4643.089999999999
2018-02-12 12:00:00,3,sell,out,0.1,1.2263700000000002,0.0,0.0,19,0.0,-0.42,-123.2,4519.889999999999
2018-02-12 12:00:20,3,sell,in,0.1,1.2263700000000002,1.22138,0.0,20,0.0,0.0,0.0,4519.889999999999
2018-02-12 15:00:00,2,sell,in,0.01,1.22627,0.0,0.0,68,0.0,0.0,0.0,4519.889999999999
2018-02-12 18:00:00,2,buy,out,0.01,1.22771,0.0,0.0,69,0.0,0.0,-1.44,4518.45
2018-02-12 19:00:00,2,sell,in,0.01,1.22667,0.0,0.0,70,0.0,0.0,0.0,4518.45
2018-02-14 18:00:00,2,buy,out,0.01,1.24029,0.0,0.0,71,0.0,-0.02,-13.62,4504.83
2018-02-15 20:00:00,2,sell,in,0.01,1.24715,0.0,0.0,72,0.0,0.0,0.0,4504.83
2018-02-15 21:00:00,2,buy,out,0.01,1.2493299999999998,0.0,0.0,73,0.0,0.0,-2.18,4502.65
2018-02-16 13:00:00,2,sell,in,0.01,1.2487700000000002,0.0,0.0,74,0.0,0.0,0.0,4502.65
2018-02-19 04:00:00,3,buy,out,0.1,1.24339,0.0,0.0,21,0.0,-0.7,-170.2,4332.45
2018-02-19 13:00:00,2,buy,out,0.01,1.24253,0.0,0.0,75,0.0,-0.01,6.24,4338.69
2018-02-19 15:00:00,2,sell,in,0.08,1.24073,0.0,0.0,76,0.0,0.0,0.0,4338.69
2018-02-20 03:00:00,2,buy,out,0.08,1.24063,0.0,0.0,77,0.0,-0.08,0.8,4339.49
2018-02-20 04:00:00,2,sell,in,0.08,1.23944,0.0,0.0,78,0.0,0.0,0.0,4339.49
2018-02-21 20:00:00,2,buy,out,0.08,1.23271,0.0,0.0,79,0.0,-0.08,53.84,4393.33
2018-02-21 22:00:00,2,sell,in,0.09,1.23023,0.0,0.0,80,0.0,0.0,0.0,4393.33
2018-02-22 12:00:00,2,buy,out,0.09,1.22938,0.0,0.0,81,0.0,-0.27,7.65,4400.98
2018-02-22 15:00:00,2,sell,in,0.09,1.22704,0.0,0.0,82,0.0,0.0,0.0,4400.98
2018-02-22 16:00:00,2,buy,out,0.09,1.23132,0.0,0.0,83,0.0,0.0,-38.52,4362.459999999999
2018-02-23 04:26:40,3,sell,in,0.1,1.23141,1.22642,0.0,22,0.0,0.0,0.0,4362.459999999999
2018-02-23 05:00:00,2,sell,in,0.09,1.23138,0.0,0.0,84,0.0,0.0,0.0,4362.459999999999
2018-02-23 10:36:40,3,buy,out,0.1,1.23099,0.0,0.0,23,0.0,0.0,4.2,4366.659999999999
2018-02-23 20:00:00,2,buy,out,0.09,1.23062,0.0,0.0,85,0.0,0.0,6.84,4373.499999999999
2018-02-23 21:00:00,2,sell,in,0.09,1.22941,0.0,0.0,86,0.0,0.0,0.0,4373.499999999999
2018-02-26 04:00:40,3,buy,in,0.1,1.23002,1.23501,0.0,24,0.0,0.0,0.0,4373.499999999999
2018-02-26 05:00:00,2,buy,out,0.09,1.23153,0.0,0.0,87,0.0,-0.09,-19.08,4354.419999999999
2018-02-26 12:43:40,3,sell,out,0.1,1.23501,0.0,0.0,25,0.0,0.0,49.9,4404.319999999999
2018-02-26 16:00:00,2,sell,in,0.09,1.2305,0.0,0.0,88,0.0,0.0,0.0,4404.319999999999
2018-02-26 16:00:00,2,sell,in,0.09,1.2305,0.0,0.0,88,0.0,0.0,0.0,4404.319999999999
2018-02-26 16:00:00,3,sell,in,0.1,1.2305,1.22551,0.0,26,0.0,0.0,0.0,4404.319999999999
2018-02-26 16:00:00,3,sell,in,0.1,1.2305,1.22551,0.0,26,0.0,0.0,0.0,4404.319999999999
2018-02-27 03:00:00,2,buy,out,0.09,1.23318,0.0,0.0,89,0.0,-0.09,-24.12,4380.199999999999
2018-02-27 14:00:00,2,sell,in,0.01,1.23174,0.0,0.0,90,0.0,0.0,0.0,4380.199999999999
2018-02-27 17:05:40,3,buy,out,0.1,1.22551,0.0,0.0,27,0.0,-0.1,49.9,4430.0999999999985
2018-03-01 09:00:00,2,buy,out,0.01,1.22055,0.0,0.0,91,0.0,-0.04,11.19,4441.289999999998
2018-03-01 11:00:00,2,sell,in,0.09,1.21972,0.0,0.0,92,0.0,0.0,0.0,4441.289999999998
2018-03-01 17:34:40,3,buy,in,0.1,1.22015,1.22514,0.0,28,0.0,0.0,0.0,4441.289999999998
2018-03-01 19:00:00,2,buy,out,0.09,1.22154,0.0,0.0,93,0.0,0.0,-16.38,4424.909999999998
2018-03-01 21:56:40,3,sell,out,0.1,1.22514,0.0,0.0,29,0.0,0.0,49.9,4474.809999999998
2018-03-05 08:00:00,2,sell,in,0.08,1.23189,0.0,0.0,94,0.0,0.0,0.0,4474.809999999998
2018-03-05 17:00:00,2,buy,out,0.08,1.23232,0.0,0.0,95,0.0,0.0,-3.44,4471.369999999998
2018-03-06 10:00:00,2,sell,in,0.01,1.23334,0.0,0.0,96,0.0,0.0,0.0,4471.369999999998
2018-03-06 11:00:00,2,buy,out,0.01,1.23389,0.0,0.0,97,0.0,0.0,-0.55,4470.819999999998
2018-03-06 12:00:00,2,buy,in,0.01,1.23442,0.0,0.0,98,0.0,0.0,0.0,4470.819999999998
2018-03-07 10:00:00,2,sell,out,0.01,1.2409,0.0,0.0,99,0.0,-0.01,6.48,4477.299999999997
2018-03-07 12:00:00,2,buy,in,0.08,1.24232,0.0,0.0,100,0.0,0.0,0.0,4477.299999999997
2018-03-07 14:00:00,2,sell,out,0.08,1.24075,0.0,0.0,101,0.0,0.0,-12.56,4464.739999999997
2018-03-07 15:00:00,2,buy,in,0.08,1.24182,0.0,0.0,102,0.0,0.0,0.0,4464.739999999997
2018-03-07 16:00:00,2,sell,out,0.08,1.24148,0.0,0.0,103,0.0,0.0,-2.72,4462.019999999997
2018-03-08 02:00:00,2,buy,in,0.01,1.24124,0.0,0.0,104,0.0,0.0,0.0,4462.019999999997
2018-03-08 03:00:00,2,sell,out,0.01,1.2407700000000002,0.0,0.0,105,0.0,0.0,-0.47,4461.5499999999965
2018-03-08 10:00:00,2,buy,in,0.01,1.24117,0.0,0.0,106,0.0,0.0,0.0,4461.5499999999965
2018-03-08 11:00:00,2,sell,out,0.01,1.23928,0.0,0.0,107,0.0,0.0,-1.89,4459.659999999996
2018-03-08 15:00:00,2,buy,in,0.01,1.24098,0.0,0.0,108,0.0,0.0,0.0,4459.659999999996
2018-03-08 16:00:00,2,sell,out,0.01,1.24027,0.0,0.0,109,0.0,0.0,-0.71,4458.949999999996
2018-03-09 11:00:00,2,sell,in,0.01,1.23062,0.0,0.0,110,0.0,0.0,0.0,4458.949999999996
2018-03-09 17:00:00,2,buy,out,0.01,1.23127,0.0,0.0,111,0.0,0.0,-0.65,4458.2999999999965
2018-03-09 23:00:00,2,sell,in,0.01,1.23065,0.0,0.0,112,0.0,0.0,0.0,4458.2999999999965
2018-03-12 17:00:00,2,buy,out,0.01,1.23215,0.0,0.0,113,0.0,-0.01,-1.5,4456.7999999999965
2018-03-12 18:00:00,2,sell,in,0.01,1.23178,0.0,0.0,114,0.0,0.0,0.0,4456.7999999999965
2018-03-12 19:00:00,2,buy,out,0.01,1.23193,0.0,0.0,115,0.0,0.0,-0.15,4456.649999999997
2018-03-13 06:43:40,3,sell,in,0.1,1.2327,1.22771,0.0,30,0.0,0.0,0.0,4456.649999999997
2018-03-13 14:00:00,2,buy,in,0.01,1.23368,0.0,0.0,116,0.0,0.0,0.0,4456.649999999997
2018-03-14 10:00:00,2,sell,out,0.01,1.23889,0.0,0.0,117,0.0,-0.01,5.21,4461.859999999997
2018-03-15 02:00:00,2,buy,in,0.08,1.23751,0.0,0.0,118,0.0,0.0,0.0,4461.859999999997
2018-03-15 09:00:00,2,sell,out,0.08,1.23659,0.0,0.0,119,0.0,0.0,-7.36,4454.499999999997
2018-03-16 04:08:40,3,buy,out,0.1,1.2304,0.0,0.0,31,0.0,-0.5,23.0,4477.499999999997
2018-03-16 09:00:00,2,buy,in,0.08,1.23182,0.0,0.0,120,0.0,0.0,0.0,4477.499999999997
2018-03-20 12:00:00,2,sell,out,0.08,1.23164,0.0,0.0,121,0.0,-0.12,-1.44,4476.059999999998
2018-03-21 06:00:00,2,buy,in,0.01,1.22633,0.0,0.0,122,0.0,0.0,0.0,4476.059999999998
2018-03-22 12:00:00,2,sell,out,0.01,1.23341,0.0,0.0,123,0.0,-0.02,7.08,4483.139999999998
2018-03-23 02:00:00,2,buy,in,0.08,1.23243,0.0,0.0,124,0.0,0.0,0.0,4483.139999999998
2018-03-23 15:34:59,3,sell,in,0.1,1.23251,1.2275200000000002,0.0,32,0.0,0.0,0.0,4483.139999999998
2018-03-27 12:00:00,2,sell,out,0.08,1.24301,0.0,0.0,125,0.0,-0.12,84.64,4567.779999999998
2018-03-28 02:00:00,3,buy,out,0.1,1.24062,0.0,0.0,33,0.0,-0.3,-81.1,4486.679999999998
2018-03-28 10:00:00,2,sell,in,0.09,1.23935,0.0,0.0,126,0.0,0.0,0.0,4486.679999999998
2018-03-29 08:00:00,2,buy,out,0.09,1.2330299999999998,0.0,0.0,127,0.0,-0.27,56.88,4543.559999999998
2018-03-29 10:00:00,2,sell,in,0.09,1.23074,0.0,0.0,128,0.0,0.0,0.0,4543.559999999998
2018-03-29 14:00:00,2,buy,out,0.09,1.23235,0.0,0.0,129,0.0,0.0,-14.49,4529.069999999998
2018-03-29 18:00:00,2,sell,in,0.09,1.22984,0.0,0.0,130,0.0,0.0,0.0,4529.069999999998
2018-03-30 05:00:00,2,buy,out,0.09,1.23129,0.0,0.0,131,0.0,-0.09,-13.05,4516.019999999998
2018-03-30 22:00:00,2,buy,in,0.01,1.23268,0.0,0.0,132,0.0,0.0,0.0,4516.019999999998
2018-03-30 23:00:00,2,sell,out,0.01,1.23169,0.0,0.0,133,0.0,0.0,-0.99,4515.029999999998
2018-04-02 00:01:00,2,buy,in,0.01,1.23265,0.0,0.0,134,0.0,0.0,0.0,4515.029999999998
2018-04-02 07:00:00,2,sell,out,0.01,1.23183,0.0,0.0,135,0.0,0.0,-0.82,4514.209999999998
2018-04-02 10:00:00,2,buy,in,0.01,1.23225,0.0,0.0,136,0.0,0.0,0.0,4514.209999999998
2018-04-03 14:00:00,2,sell,out,0.01,1.22882,0.0,0.0,137,0.0,-0.01,-3.43,4510.779999999998
2018-04-04 10:00:00,2,sell,in,0.01,1.22663,0.0,0.0,138,0.0,0.0,0.0,4510.779999999998
2018-04-04 11:00:00,2,buy,out,0.01,1.22947,0.0,0.0,139,0.0,0.0,-2.84,4507.939999999998
2018-04-05 14:00:00,3,buy,in,0.1,1.22799,1.23298,0.0,34,0.0,0.0,0.0,4507.939999999998
2018-04-06 04:00:00,2,buy,in,0.01,1.22491,0.0,0.0,140,0.0,0.0,0.0,4507.939999999998
2018-04-06 08:00:00,2,sell,out,0.01,1.22383,0.0,0.0,141,0.0,0.0,-1.08,4506.859999999998
2018-04-06 16:00:00,2,buy,in,0.01,1.22478,0.0,0.0,142,0.0,0.0,0.0,4506.859999999998
2018-04-09 03:07:40,3,sell,out,0.1,1.22688,0.0,0.0,35,0.0,-0.14,-11.1,4495.7599999999975
2018-04-09 13:00:00,2,sell,out,0.01,1.22674,0.0,0.0,143,0.0,-0.01,1.96,4497.7199999999975
2018-04-09 15:00:00,2,buy,in,0.09,1.22838,0.0,0.0,144,0.0,0.0,0.0,4497.7199999999975
2018-04-10 07:00:00,2,sell,out,0.09,1.23149,0.0,0.0,145,0.0,-0.06,27.99,4525.709999999997
2018-04-10 11:00:00,2,buy,in,0.09,1.23299,0.0,0.0,146,0.0,0.0,0.0,4525.709999999997
2018-04-11 22:00:00,2,sell,out,0.09,1.23624,0.0,0.0,147,0.0,-0.06,29.25,4554.959999999997
2018-04-12 04:00:00,2,buy,in,0.09,1.23759,0.0,0.0,148,0.0,0.0,0.0,4554.959999999997
2018-04-12 05:00:00,2,sell,out,0.09,1.23699,0.0,0.0,149,0.0,0.0,-5.4,4549.559999999998
2018-04-13 05:00:00,2,sell,in,0.09,1.2323,0.0,0.0,150,0.0,0.0,0.0,4549.559999999998
2018-04-13 06:00:00,2,buy,out,0.09,1.23295,0.0,0.0,151,0.0,0.0,-5.85,4543.709999999997
2018-04-13 10:00:00,2,sell,in,0.01,1.23232,0.0,0.0,152,0.0,0.0,0.0,4543.709999999997
2018-04-13 11:00:00,2,buy,out,0.01,1.2340799999999998,0.0,0.0,153,0.0,0.0,-1.76,4541.949999999997
2018-04-13 14:00:00,2,sell,in,0.01,1.23225,0.0,0.0,154,0.0,0.0,0.0,4541.949999999997
2018-04-13 16:44:40,3,buy,in,0.1,1.23312,1.23811,0.0,36,0.0,0.0,0.0,4541.949999999997
2018-04-13 20:00:00,2,buy,out,0.01,1.23419,0.0,0.0,155,0.0,0.0,-1.94,4540.0099999999975
2018-04-16 03:00:00,2,buy,in,0.01,1.23317,0.0,0.0,156,0.0,0.0,0.0,4540.0099999999975
2018-04-16 15:54:40,3,sell,out,0.1,1.23811,0.0,0.0,37,0.0,-0.07,49.9,4589.909999999997
2018-04-17 13:00:00,2,sell,out,0.01,1.23722,0.0,0.0,157,0.0,-0.01,4.05,4593.959999999997
2018-04-18 00:00:00,2,sell,in,0.09,1.23689,0.0,0.0,158,0.0,0.0,0.0,4593.959999999997
2018-04-18 01:00:00,2,buy,out,0.09,1.23743,0.0,0.0,159,0.0,0.0,-4.86,4589.099999999998
2018-04-18 10:00:00,2,sell,in,0.09,1.23632,0.0,0.0,160,0.0,0.0,0.0,4589.099999999998
2018-04-18 15:00:00,2,buy,out,0.09,1.2382799999999998,0.0,0.0,161,0.0,0.0,-17.64,4571.459999999997
2018-04-19 00:00:00,2,sell,in,0.01,1.23726,0.0,0.0,162,0.0,0.0,0.0,4571.459999999997
2018-04-19 01:00:00,2,buy,out,0.01,1.23787,0.0,0.0,163,0.0,0.0,-0.61,4570.849999999998
2018-04-19 04:00:00,2,sell,in,0.01,1.23722,0.0,0.0,164,0.0,0.0,0.0,4570.849999999998
2018-04-19 10:00:00,2,buy,out,0.01,1.23807,0.0,0.0,165,0.0,0.0,-0.85,4569.999999999997
2018-04-19 12:00:00,2,sell,in,0.01,1.23661,0.0,0.0,166,0.0,0.0,0.0,4569.999999999997
2018-04-19 15:00:00,2,buy,out,0.01,1.23809,0.0,0.0,167,0.0,0.0,-1.48,4568.519999999998
2018-04-19 17:00:00,2,sell,in,0.01,1.23697,0.0,0.0,168,0.0,0.0,0.0,4568.519999999998
2018-04-24 13:00:00,2,buy,out,0.01,1.22082,0.0,0.0,169,0.0,-0.03,16.15,4584.669999999997
2018-04-24 14:00:00,2,buy,in,0.09,1.22109,0.0,0.0,170,0.0,0.0,0.0,4584.669999999997
2018-04-24 16:00:00,2,sell,out,0.09,1.22066,0.0,0.0,171,0.0,0.0,-3.87,4580.799999999997
2018-04-24 17:00:00,2,buy,in,0.09,1.22314,0.0,0.0,172,0.0,0.0,0.0,4580.799999999997
2018-04-25 05:00:00,2,sell,out,0.09,1.22216,0.0,0.0,173,0.0,-0.06,-8.82,4571.979999999998
2018-04-26 07:00:00,2,buy,in,0.01,1.21777,0.0,0.0,174,0.0,0.0,0.0,4571.979999999998
2018-04-26 11:00:00,2,sell,out,0.01,1.21653,0.0,0.0,175,0.0,0.0,-1.24,4570.739999999998
2018-04-26 15:00:00,2,sell,in,0.01,1.21568,0.0,0.0,176,0.0,0.0,0.0,4570.739999999998
2018-04-26 16:00:00,2,buy,out,0.01,1.2199799999999998,0.0,0.0,177,0.0,0.0,-4.3,4566.439999999998
2018-04-27 18:00:00,2,buy,in,0.01,1.21005,0.0,0.0,178,0.0,0.0,0.0,4566.439999999998
2018-04-30 10:39:40,3,sell,in,0.1,1.21085,1.20586,0.0,38,0.0,0.0,0.0,4566.439999999998
2018-04-30 11:00:00,2,sell,out,0.01,1.21185,0.0,0.0,179,0.0,-0.01,1.8,4568.239999999998
2018-04-30 19:31:40,3,buy,out,0.1,1.2094200000000002,0.0,0.0,39,0.0,0.0,14.3,4582.539999999998
2018-05-02 17:00:00,2,sell,in,0.09,1.19737,0.0,0.0,180,0.0,0.0,0.0,4582.539999999998
2018-05-02 21:14:40,3,buy,in,0.1,1.20208,1.20707,0.0,40,0.0,0.0,0.0,4582.539999999998
2018-05-03 05:00:00,2,buy,out,0.09,1.1977799999999998,0.0,0.0,181,0.0,-0.27,-3.69,4578.8499999999985
2018-05-03 17:00:00,2,sell,in,0.09,1.19709,0.0,0.0,182,0.0,0.0,0.0,4578.8499999999985
2018-05-03 20:00:00,2,buy,out,0.09,1.19881,0.0,0.0,183,0.0,0.0,-15.48,4563.369999999999
2018-05-03 21:00:00,2,sell,in,0.01,1.19835,0.0,0.0,184,0.0,0.0,0.0,4563.369999999999
2018-05-03 22:00:00,2,buy,out,0.01,1.19929,0.0,0.0,185,0.0,0.0,-0.94,4562.429999999999
2018-05-04 10:00:00,2,sell,in,0.01,1.19657,0.0,0.0,186,0.0,0.0,0.0,4562.429999999999
2018-05-07 00:01:00,2,buy,out,0.01,1.19579,0.0,0.0,187,0.0,-0.01,0.78,4563.209999999999
2018-05-07 03:00:00,2,sell,in,0.09,1.19546,0.0,0.0,188,0.0,0.0,0.0,4563.209999999999
2018-05-07 04:00:00,2,buy,out,0.09,1.19698,0.0,0.0,189,0.0,0.0,-13.68,4549.529999999999
2018-05-07 09:00:00,2,sell,in,0.09,1.1952200000000002,0.0,0.0,190,0.0,0.0,0.0,4549.529999999999
2018-05-07 17:04:40,1,buy,out,0.01,1.19195,0.0,0.0,17,0.0,-1.18,0.17,4549.699999999999
2018-05-07 17:30:00,1,sell,in,0.01,1.19219,0.0,0.0,18,0.0,0.0,0.0,4549.699999999999
2018-05-07 18:03:40,1,buy,out,0.01,1.19174,0.0,0.0,19,0.0,0.0,0.45,4550.149999999999
2018-05-07 18:30:00,1,sell,in,0.01,1.19219,0.0,0.0,20,0.0,0.0,0.0,4550.149999999999
2018-05-08 10:00:40,1,buy,out,0.01,1.19201,0.0,0.0,21,0.0,-0.01,0.18,4550.329999999999
2018-05-08 10:30:00,1,sell,in,0.01,1.19117,0.0,0.0,22,0.0,0.0,0.0,4550.329999999999
2018-05-08 18:36:40,1,buy,out,0.01,1.18647,0.0,0.0,23,0.0,0.0,4.7,4555.029999999999
2018-05-08 19:00:00,1,sell,in,0.01,1.1862700000000002,0.0,0.0,24,0.0,0.0,0.0,4555.029999999999
2018-05-09 06:30:20,1,buy,out,0.01,1.18587,0.0,0.0,25,0.0,-0.01,0.4,4555.4299999999985
2018-05-09 07:00:00,1,sell,in,0.01,1.1852,0.0,0.0,26,0.0,0.0,0.0,4555.4299999999985
2018-05-09 11:25:40,1,buy,out,0.01,1.18472,0.0,0.0,27,0.0,0.0,0.48,4555.909999999998
2018-05-09 11:30:00,1,sell,in,0.01,1.18467,0.0,0.0,28,0.0,0.0,0.0,4555.909999999998
2018-05-09 14:00:00,2,buy,out,0.09,1.18753,0.0,0.0,191,0.0,-0.18,69.21,4625.119999999998
2018-05-09 19:00:00,2,sell,in,0.09,1.18516,0.0,0.0,192,0.0,0.0,0.0,4625.119999999998
2018-05-09 20:00:00,2,buy,out,0.09,1.1855,0.0,0.0,193,0.0,0.0,-3.06,4622.059999999998
2018-05-09 21:00:00,2,buy,in,0.09,1.18612,0.0,0.0,194,0.0,0.0,0.0,4622.059999999998
2018-05-09 23:00:00,2,sell,out,0.09,1.18492,0.0,0.0,195,0.0,0.0,-10.8,4611.2599999999975
2018-05-10 05:00:00,2,buy,in,0.01,1.18635,0.0,0.0,196,0.0,0.0,0.0,4611.2599999999975
2018-05-10 06:00:00,2,sell,out,0.01,1.1860700000000002,0.0,0.0,197,0.0,0.0,-0.28,4610.979999999998
2018-05-10 07:00:00,2,buy,in,0.01,1.18636,0.0,0.0,198,0.0,0.0,0.0,4610.979999999998
2018-05-11 03:00:00,3,sell,out,0.1,1.19137,0.0,0.0,41,0.0,-0.77,-107.1,4503.879999999997
2018-05-11 09:00:00,2,sell,out,0.01,1.19101,0.0,0.0,199,0.0,-0.01,4.65,4508.529999999997
2018-05-11 12:00:00,2,buy,in,0.09,1.19214,0.0,0.0,200,0.0,0.0,0.0,4508.529999999997
2018-05-14 21:00:00,2,sell,out,0.09,1.19462,0.0,0.0,201,0.0,-0.06,22.32,4530.849999999997
2018-05-16 03:43:20,1,buy,out,0.01,1.18343,0.0,0.0,29,0.0,-0.07,1.24,4532.0899999999965
2018-05-16 04:00:00,1,sell,in,0.01,1.18305,0.0,0.0,30,0.0,0.0,0.0,4532.0899999999965
2018-05-16 05:50:40,1,buy,out,0.01,1.1830200000000002,0.0,0.0,31,0.0,0.0,0.03,4532.119999999996
2018-05-16 06:00:00,1,sell,in,0.01,1.18265,0.0,0.0,32,0.0,0.0,0.0,4532.119999999996
2018-05-16 13:00:00,2,sell,in,0.09,1.18077,0.0,0.0,202,0.0,0.0,0.0,4532.119999999996
2018-05-16 16:30:40,1,buy,out,0.01,1.18041,0.0,0.0,33,0.0,0.0,2.24,4534.359999999996
2018-05-16 17:00:00,1,sell,in,0.01,1.17985,0.0,0.0,34,0.0,0.0,0.0,4534.359999999996
2018-05-16 17:30:20,1,buy,out,0.01,1.17961,0.0,0.0,35,0.0,0.0,0.24,4534.599999999996
2018-05-16 18:00:00,1,sell,in,0.01,1.17862,0.0,0.0,36,0.0,0.0,0.0,4534.599999999996
2018-05-17 01:00:00,2,buy,out,0.09,1.18113,0.0,0.0,203,0.0,-0.27,-3.24,4531.359999999996
2018-05-17 10:00:00,2,sell,in,0.09,1.18028,0.0,0.0,204,0.0,0.0,0.0,4531.359999999996
2018-05-17 11:00:00,2,buy,out,0.09,1.18221,0.0,0.0,205,0.0,0.0,-17.37,4513.989999999996
2018-05-17 13:00:00,2,sell,in,0.01,1.18028,0.0,0.0,206,0.0,0.0,0.0,4513.989999999996
2018-05-18 04:00:00,2,buy,out,0.01,1.18054,0.0,0.0,207,0.0,-0.01,-0.26,4513.729999999996
2018-05-18 13:00:00,2,sell,in,0.01,1.17765,0.0,0.0,208,0.0,0.0,0.0,4513.729999999996
2018-05-18 18:53:40,1,buy,out,0.01,1.17725,0.0,0.0,37,0.0,-0.04,1.37,4515.099999999996
2018-05-18 19:00:00,1,sell,in,0.01,1.17755,0.0,0.0,38,0.0,0.0,0.0,4515.099999999996
2018-05-18 22:32:20,1,buy,out,0.01,1.17735,0.0,0.0,39,0.0,0.0,0.2,4515.299999999996
2018-05-18 23:00:00,1,sell,in,0.01,1.1768,0.0,0.0,40,0.0,0.0,0.0,4515.299999999996
2018-05-21 11:27:40,1,buy,out,0.01,1.17437,0.0,0.0,41,0.0,-0.01,2.43,4517.729999999996
2018-05-21 11:30:00,1,sell,in,0.01,1.17436,0.0,0.0,42,0.0,0.0,0.0,4517.729999999996
2018-05-21 12:00:40,1,buy,out,0.01,1.17423,0.0,0.0,43,0.0,0.0,0.13,4517.859999999996
2018-05-21 12:30:00,1,sell,in,0.01,1.1734,0.0,0.0,44,0.0,0.0,0.0,4517.859999999996
2018-05-21 15:00:00,2,buy,out,0.01,1.17616,0.0,0.0,209,0.0,-0.01,1.49,4519.349999999996
2018-05-22 07:40:20,3,sell,in,0.1,1.17751,1.17252,0.0,42,0.0,0.0,0.0,4519.349999999996
2018-05-22 08:00:00,2,sell,in,0.09,1.17741,0.0,0.0,210,0.0,0.0,0.0,4519.349999999996
2018-05-22 09:00:00,2,buy,out,0.09,1.17835,0.0,0.0,211,0.0,0.0,-8.46,4510.889999999996
2018-05-22 10:00:00,2,sell,in,0.09,1.17616,0.0,0.0,212,0.0,0.0,0.0,4510.889999999996
2018-05-22 11:00:00,2,buy,out,0.09,1.18176,0.0,0.0,213,0.0,0.0,-50.4,4460.489999999996
2018-05-22 16:00:00,2,sell,in,0.01,1.17811,0.0,0.0,214,0.0,0.0,0.0,4460.489999999996
2018-05-22 17:00:00,2,buy,out,0.01,1.17895,0.0,0.0,215,0.0,0.0,-0.84,4459.649999999996
2018-05-23 10:30:40,3,buy,out,0.1,1.17252,0.0,0.0,43,0.0,-0.1,49.9,4509.549999999996
2018-05-23 16:31:40,1,buy,out,0.01,1.17153,0.0,0.0,45,0.0,-0.02,1.87,4511.4199999999955
2018-05-23 17:00:00,1,sell,in,0.01,1.17062,0.0,0.0,46,0.0,0.0,0.0,4511.4199999999955
2018-05-23 19:41:20,1,buy,out,0.01,1.17046,0.0,0.0,47,0.0,0.0,0.16,4511.579999999995
2018-05-23 20:00:00,1,sell,in,0.01,1.16933,0.0,0.0,48,0.0,0.0,0.0,4511.579999999995
2018-05-24 05:00:00,2,sell,in,0.01,1.1696,0.0,0.0,216,0.0,0.0,0.0,4511.579999999995
2018-05-24 06:00:00,2,buy,out,0.01,1.17061,0.0,0.0,217,0.0,0.0,-1.01,4510.569999999995
2018-05-25 00:00:00,2,sell,in,0.01,1.17202,0.0,0.0,218,0.0,0.0,0.0,4510.569999999995
2018-05-25 12:00:00,2,buy,out,0.01,1.17271,0.0,0.0,219,0.0,0.0,-0.69,4509.879999999996
2018-05-25 12:15:40,3,buy,in,0.1,1.17188,1.17686,0.0,44,0.0,0.0,0.0,4509.879999999996
2018-05-25 13:00:00,2,sell,in,0.01,1.17141,0.0,0.0,220,0.0,0.0,0.0,4509.879999999996
2018-05-25 20:03:40,1,buy,out,0.01,1.16643,0.0,0.0,49,0.0,-0.04,2.9,4512.779999999995
2018-05-25 20:30:00,1,sell,in,0.01,1.16641,0.0,0.0,50,0.0,0.0,0.0,4512.779999999995
2018-05-25 21:09:40,1,buy,out,0.01,1.1661,0.0,0.0,51,0.0,0.0,0.31,4513.089999999996
2018-05-25 21:30:20,1,sell,in,0.01,1.16637,0.0,0.0,52,0.0,0.0,0.0,4513.089999999996
2018-05-25 23:05:40,1,buy,out,0.01,1.16616,0.0,0.0,53,0.0,0.0,0.21,4513.299999999996
2018-05-25 23:30:00,1,sell,in,0.01,1.16613,0.0,0.0,54,0.0,0.0,0.0,4513.299999999996
2018-05-28 01:00:00,2,buy,out,0.01,1.16889,0.0,0.0,221,0.0,-0.01,2.52,4515.819999999996
2018-05-28 12:00:00,2,sell,in,0.09,1.1678,0.0,0.0,222,0.0,0.0,0.0,4515.819999999996
2018-05-28 19:06:40,1,buy,out,0.01,1.16301,0.0,0.0,55,0.0,-0.01,3.12,4518.939999999996
2018-05-28 19:30:00,1,sell,in,0.01,1.1626299999999998,0.0,0.0,56,0.0,0.0,0.0,4518.939999999996
2018-05-29 05:21:40,1,buy,out,0.01,1.1625299999999998,0.0,0.0,57,0.0,-0.01,0.1,4519.039999999996
2018-05-29 05:30:00,1,sell,in,0.01,1.16242,0.0,0.0,58,0.0,0.0,0.0,4519.039999999996
2018-05-29 07:00:00,2,buy,out,0.09,1.16287,0.0,0.0,223,0.0,-0.09,44.37,4563.409999999996
2018-05-29 10:00:00,2,sell,in,0.09,1.15947,0.0,0.0,224,0.0,0.0,0.0,4563.409999999996
2018-05-29 15:04:20,1,buy,out,0.01,1.15612,0.0,0.0,59,0.0,0.0,6.3,4569.709999999996
2018-05-29 15:30:00,1,sell,in,0.01,1.1564299999999998,0.0,0.0,60,0.0,0.0,0.0,4569.709999999996
2018-05-30 00:18:40,1,buy,out,0.01,1.15426,0.0,0.0,61,0.0,-0.01,2.17,4571.8799999999965
2018-05-30 00:30:00,1,sell,in,0.01,1.15382,0.0,0.0,62,0.0,0.0,0.0,4571.8799999999965
2018-05-30 06:42:40,1,buy,out,0.01,1.15371,0.0,0.0,63,0.0,0.0,0.11,4571.989999999996
2018-05-30 07:00:00,1,sell,in,0.01,1.15336,0.0,0.0,64,0.0,0.0,0.0,4571.989999999996
2018-05-30 09:00:00,2,buy,out,0.09,1.15559,0.0,0.0,225,0.0,-0.09,34.92,4606.909999999996
2018-05-31 03:12:40,3,sell,out,0.1,1.16563,0.0,0.0,45,0.0,-0.42,-62.5,4544.409999999996
2018-05-31 22:00:00,2,buy,in,0.09,1.16862,0.0,0.0,226,0.0,0.0,0.0,4544.409999999996
2018-06-01 08:00:00,2,sell,out,0.09,1.16781,0.0,0.0,227,0.0,-0.06,-7.29,4537.119999999996
2018-06-01 13:00:00,2,buy,in,0.09,1.1705,0.0,0.0,228,0.0,0.0,0.0,4537.119999999996
2018-06-01 14:50:40,3,sell,in,0.1,1.16832,1.16333,0.0,46,0.0,0.0,0.0,4537.119999999996
2018-06-01 15:00:00,2,sell,out,0.09,1.16743,0.0,0.0,229,0.0,0.0,-27.63,4509.489999999996
2018-06-01 15:37:40,3,buy,out,0.1,1.16777,0.0,0.0,47,0.0,0.0,5.5,4514.989999999996
2018-06-04 03:02:40,3,buy,in,0.1,1.16725,1.17223,0.0,48,0.0,0.0,0.0,4514.989999999996
2018-06-04 04:00:00,2,buy,in,0.01,1.16757,0.0,0.0,230,0.0,0.0,0.0,4514.989999999996
2018-06-04 11:09:40,3,sell,out,0.1,1.16849,0.0,0.0,49,0.0,0.0,12.4,4527.389999999996
2018-06-04 18:09:40,3,sell,in,0.1,1.16943,1.16444,0.0,50,0.0,0.0,0.0,4527.389999999996
2018-06-05 11:00:00,2,sell,out,0.01,1.16951,0.0,0.0,231,0.0,-0.01,1.94,4529.329999999995
2018-06-05 14:00:00,2,sell,in,0.09,1.16782,0.0,0.0,232,0.0,0.0,0.0,4529.329999999995
2018-06-05 18:11:20,3,buy,out,0.1,1.16827,0.0,0.0,51,0.0,-0.1,11.6,4540.929999999996
2018-06-05 20:00:00,2,buy,out,0.09,1.17152,0.0,0.0,233,0.0,0.0,-33.3,4507.629999999996
2018-06-08 09:00:00,2,sell,in,0.09,1.18054,0.0,0.0,234,0.0,0.0,0.0,4507.629999999996
2018-06-11 00:01:00,2,buy,out,0.09,1.17757,0.0,0.0,235,0.0,-0.09,26.73,4534.359999999995
2018-06-11 12:01:40,3,sell,in,0.1,1.17802,1.17303,0.0,52,0.0,0.0,0.0,4534.359999999995
2018-06-11 14:00:00,2,sell,in,0.09,1.17833,0.0,0.0,236,0.0,0.0,0.0,4534.359999999995
2018-06-11 16:00:00,2,buy,out,0.09,1.17983,0.0,0.0,237,0.0,0.0,-13.5,4520.859999999995
2018-06-11 20:00:00,2,sell,in,0.09,1.17882,0.0,0.0,238,0.0,0.0,0.0,4520.859999999995
2018-06-12 05:56:40,3,buy,out,0.1,1.17711,0.0,0.0,53,0.0,-0.1,9.1,4529.9599999999955
2018-06-12 10:02:40,3,buy,in,0.1,1.17796,1.18294,0.0,54,0.0,0.0,0.0,4529.9599999999955
2018-06-12 11:00:00,2,buy,out,0.09,1.1794,0.0,0.0,239,0.0,-0.09,-5.22,4524.739999999995
2018-06-12 20:00:00,2,sell,in,0.01,1.17736,0.0,0.0,240,0.0,0.0,0.0,4524.739999999995
2018-06-13 13:00:00,2,buy,out,0.01,1.1755,0.0,0.0,241,0.0,-0.01,1.86,4526.599999999995
2018-06-14 09:00:40,3,sell,out,0.1,1.17976,0.0,0.0,55,0.0,-0.28,18.0,4544.599999999995
2018-06-14 14:47:40,3,sell,in,0.1,1.17884,1.17385,0.0,56,0.0,0.0,0.0,4544.599999999995
2018-06-14 15:00:00,2,sell,in,0.09,1.17385,0.0,0.0,242,0.0,0.0,0.0,4544.599999999995
2018-06-14 15:00:40,3,buy,out,0.1,1.17385,0.0,0.0,57,0.0,0.0,49.9,4594.4999999999945
2018-06-15 11:00:00,2,buy,out,0.09,1.15894,0.0,0.0,243,0.0,-0.09,134.19,4728.689999999994
2018-06-18 13:00:00,2,buy,in,0.09,1.15975,0.0,0.0,244,0.0,0.0,0.0,4728.689999999994
2018-06-19 09:03:40,3,sell,in,0.1,1.16142,1.1564299999999998,0.0,58,0.0,0.0,0.0,4728.689999999994
2018-06-19 10:00:00,2,sell,out,0.09,1.15831,0.0,0.0,245,0.0,-0.06,-12.96,4715.729999999994
2018-06-19 11:24:40,3,buy,out,0.1,1.1564299999999998,0.0,0.0,59,0.0,0.0,49.9,4765.629999999994
2018-06-19 23:00:00,2,buy,in,0.09,1.1581,0.0,0.0,246,0.0,0.0,0.0,4765.629999999994
2018-06-20 10:40:40,3,buy,in,0.1,1.15832,1.16331,0.0,60,0.0,0.0,0.0,4765.629999999994
2018-06-21 00:00:00,2,sell,out,0.09,1.15695,0.0,0.0,247,0.0,-0.25,-10.35,4755.279999999993
2018-06-21 16:00:00,2,buy,in,0.01,1.1589200000000002,0.0,0.0,248,0.0,0.0,0.0,4755.279999999993
2018-06-21 17:46:20,3,sell,out,0.1,1.16331,0.0,0.0,61,0.0,-0.21,49.9,4805.179999999993
2018-06-22 17:27:40,3,sell,in,0.1,1.1619,1.15691,0.0,62,0.0,0.0,0.0,4805.179999999993
2018-06-25 06:00:00,2,sell,out,0.01,1.1647,0.0,0.0,249,0.0,-0.02,5.78,4810.959999999993
2018-06-25 07:00:00,2,buy,in,0.09,1.16561,0.0,0.0,250,0.0,0.0,0.0,4810.959999999993
2018-06-25 08:00:00,2,sell,out,0.09,1.16523,0.0,0.0,251,0.0,0.0,-3.42,4807.539999999993
2018-06-25 12:00:00,2,buy,in,0.09,1.1659,0.0,0.0,252,0.0,0.0,0.0,4807.539999999993
2018-06-25 13:00:00,2,sell,out,0.09,1.16495,0.0,0.0,253,0.0,0.0,-8.55,4798.9899999999925
2018-06-25 15:00:00,2,buy,in,0.01,1.16876,0.0,0.0,254,0.0,0.0,0.0,4798.9899999999925
2018-06-26 10:00:00,2,sell,out,0.01,1.16928,0.0,0.0,255,0.0,-0.01,0.52,4799.509999999993
2018-06-27 04:00:00,3,buy,out,0.1,1.16545,0.0,0.0,63,0.0,-0.3,-35.5,4764.009999999993
2018-06-27 07:00:00,2,buy,in,0.09,1.16596,0.0,0.0,256,0.0,0.0,0.0,4764.009999999993
2018-06-27 08:00:00,2,sell,out,0.09,1.16545,0.0,0.0,257,0.0,0.0,-4.59,4759.419999999993
2018-06-27 09:00:00,2,sell,in,0.09,1.16529,0.0,0.0,258,0.0,0.0,0.0,4759.419999999993
2018-06-28 13:00:00,2,buy,out,0.09,1.15761,0.0,0.0,259,0.0,-0.27,69.12,4828.539999999993
2018-06-28 22:00:00,2,sell,in,0.09,1.15544,0.0,0.0,260,0.0,0.0,0.0,4828.539999999993
2018-06-29 03:40:40,3,buy,in,0.1,1.15762,1.16261,0.0,64,0.0,0.0,0.0,4828.539999999993
2018-06-29 05:39:40,3,sell,out,0.1,1.16261,0.0,0.0,65,0.0,0.0,49.9,4878.439999999992
2018-06-29 06:00:00,2,buy,out,0.09,1.16405,0.0,0.0,261,0.0,-0.09,-77.49,4800.9499999999925
2018-07-02 05:00:00,2,sell,in,0.09,1.16591,0.0,0.0,262,0.0,0.0,0.0,4800.9499999999925
2018-07-02 23:10:40,3,buy,in,0.1,1.16362,1.16861,0.0,66,0.0,0.0,0.0,4800.9499999999925
2018-07-03 00:00:30,2,buy,out,0.09,1.1639700000000002,0.0,0.0,263,0.0,-0.09,17.46,4818.409999999993
2018-07-03 16:17:20,3,sell,out,0.1,1.16431,0.0,0.0,67,0.0,-0.07,6.9,4825.309999999992
2018-07-03 19:18:40,3,sell,in,0.1,1.1643,1.15931,0.0,68,0.0,0.0,0.0,4825.309999999992
2018-07-04 11:00:00,2,sell,in,0.09,1.1651,0.0,0.0,264,0.0,0.0,0.0,4825.309999999992
2018-07-04 20:00:00,2,buy,out,0.09,1.16666,0.0,0.0,265,0.0,0.0,-14.04,4811.269999999992
2018-07-05 21:00:00,2,sell,in,0.09,1.16826,0.0,0.0,266,0.0,0.0,0.0,4811.269999999992
2018-07-05 23:00:00,2,buy,out,0.09,1.16929,0.0,0.0,267,0.0,0.0,-9.27,4801.999999999992
2018-07-06 09:00:00,2,buy,in,0.01,1.17009,0.0,0.0,268,0.0,0.0,0.0,4801.999999999992
2018-07-09 17:00:00,2,sell,out,0.01,1.17591,0.0,0.0,269,0.0,-0.01,5.82,4807.8199999999915
2018-07-10 05:00:00,2,sell,in,0.09,1.17479,0.0,0.0,270,0.0,0.0,0.0,4807.8199999999915
2018-07-10 19:13:40,3,buy,out,0.1,1.1733,0.0,0.0,69,0.0,-0.7,-90.0,4717.8199999999915
2018-07-10 19:28:40,3,buy,in,0.1,1.17376,1.17875,0.0,70,0.0,0.0,0.0,4717.8199999999915
2018-07-11 05:00:00,2,buy,out,0.09,1.17313,0.0,0.0,271,0.0,-0.09,14.94,4732.759999999991
2018-07-11 16:00:00,2,buy,in,0.09,1.1752,0.0,0.0,272,0.0,0.0,0.0,4732.759999999991
2018-07-11 18:00:00,2,sell,out,0.09,1.17218,0.0,0.0,273,0.0,0.0,-27.18,4705.579999999991
2018-07-11 20:00:00,2,sell,in,0.09,1.16996,0.0,0.0,274,0.0,0.0,0.0,4705.579999999991
2018-07-12 10:00:00,2,buy,out,0.09,1.16849,0.0,0.0,275,0.0,-0.27,13.23,4718.80999999999
2018-07-12 12:00:00,2,sell,in,0.09,1.16745,0.0,0.0,276,0.0,0.0,0.0,4718.80999999999
2018-07-12 18:00:00,2,buy,out,0.09,1.16841,0.0,0.0,277,0.0,0.0,-8.64,4710.16999999999
2018-07-12 22:00:00,2,sell,in,0.09,1.1670200000000002,0.0,0.0,278,0.0,0.0,0.0,4710.16999999999
2018-07-13 18:00:00,2,buy,out,0.09,1.16669,0.0,0.0,279,0.0,-0.09,2.97,4713.13999999999
2018-07-16 19:28:40,3,sell,out,0.1,1.17061,0.0,0.0,71,0.0,-0.42,-31.5,4681.63999999999
2018-07-17 07:00:00,2,buy,in,0.09,1.1719700000000002,0.0,0.0,280,0.0,0.0,0.0,4681.63999999999
2018-07-17 14:15:20,3,sell,in,0.1,1.17126,1.16627,0.0,72,0.0,0.0,0.0,4681.63999999999
2018-07-17 15:00:00,2,sell,out,0.09,1.17052,0.0,0.0,281,0.0,0.0,-13.05,4668.58999999999
2018-07-17 18:59:40,3,buy,out,0.1,1.16627,0.0,0.0,73,0.0,0.0,49.9,4718.48999999999
2018-07-18 18:00:00,2,buy,in,0.09,1.16428,0.0,0.0,282,0.0,0.0,0.0,4718.48999999999
2018-07-19 09:00:00,2,sell,out,0.09,1.1641,0.0,0.0,283,0.0,-0.19,-1.62,4716.86999999999
2018-07-19 20:02:40,3,buy,in,0.1,1.16346,1.16845,0.0,74,0.0,0.0,0.0,4716.86999999999
2018-07-19 20:49:40,3,sell,out,0.1,1.16485,0.0,0.0,75,0.0,0.0,13.9,4730.7699999999895
2018-07-19 20:49:40,3,sell,out,0.1,1.16485,0.0,0.0,75,0.0,0.0,13.9,4730.7699999999895
2018-07-19 20:49:40,3,buy,in,0.1,1.16469,1.1696799999999998,0.0,76,0.0,0.0,0.0,4730.7699999999895
2018-07-19 20:49:40,3,buy,in,0.1,1.16469,1.1696799999999998,0.0,76,0.0,0.0,0.0,4730.7699999999895
2018-07-19 21:00:00,2,buy,in,0.01,1.16544,0.0,0.0,284,0.0,0.0,0.0,4730.7699999999895
2018-07-20 11:00:00,3,sell,out,0.1,1.16408,0.0,0.0,77,0.0,-0.07,-6.1,4724.669999999989
2018-07-20 11:00:40,3,sell,in,0.1,1.1640000000000001,1.1590200000000002,0.0,78,0.0,0.0,0.0,4724.669999999989
2018-07-23 12:00:00,2,sell,out,0.01,1.17057,0.0,0.0,285,0.0,-0.02,5.13,4729.799999999989
2018-07-24 05:00:40,3,buy,out,0.1,1.17008,0.0,0.0,79,0.0,-0.2,-60.8,4668.999999999989
2018-07-24 05:01:59,3,buy,in,0.1,1.17008,1.175,0.0,80,0.0,0.0,0.0,4668.999999999989
2018-07-24 11:00:00,2,buy,in,0.09,1.16966,0.0,0.0,286,0.0,0.0,0.0,4668.999999999989
2018-07-24 12:00:00,2,sell,out,0.09,1.16841,0.0,0.0,287,0.0,0.0,-11.25,4657.749999999989
2018-07-24 13:00:00,2,buy,in,0.09,1.1692,0.0,0.0,288,0.0,0.0,0.0,4657.749999999989
2018-07-24 19:00:00,2,sell,out,0.09,1.16824,0.0,0.0,289,0.0,0.0,-8.64,4649.109999999989
2018-07-25 18:00:00,2,sell,in,0.01,1.16744,0.0,0.0,290,0.0,0.0,0.0,4649.109999999989
2018-07-25 21:00:00,2,buy,out,0.01,1.16988,0.0,0.0,291,0.0,0.0,-2.44,4646.669999999989
2018-07-26 09:07:40,3,sell,out,0.1,1.1726,0.0,0.0,81,0.0,-0.28,25.2,4671.869999999989
2018-07-26 12:00:00,2,sell,in,0.01,1.17131,0.0,0.0,292,0.0,0.0,0.0,4671.869999999989
2018-07-27 17:00:00,2,buy,out,0.01,1.16549,0.0,0.0,293,0.0,-0.01,5.82,4677.689999999989
2018-07-30 07:00:00,2,buy,in,0.09,1.1654799999999998,0.0,0.0,294,0.0,0.0,0.0,4677.689999999989
2018-07-30 10:00:00,2,sell,out,0.09,1.16547,0.0,0.0,295,0.0,0.0,-0.09,4677.5999999999885
2018-07-30 11:00:00,2,buy,in,0.09,1.1669200000000002,0.0,0.0,296,0.0,0.0,0.0,4677.5999999999885
2018-07-31 16:10:40,3,sell,in,0.1,1.17077,1.16585,0.0,82,0.0,0.0,0.0,4677.5999999999885
2018-07-31 17:00:00,2,sell,out,0.09,1.1705299999999998,0.0,0.0,297,0.0,-0.06,32.49,4710.089999999988
2018-08-01 11:00:40,3,buy,out,0.1,1.16887,0.0,0.0,83,0.0,-0.1,19.0,4729.089999999988
2018-08-01 17:00:00,2,sell,in,0.09,1.16764,0.0,0.0,298,0.0,0.0,0.0,4729.089999999988
2018-08-03 15:00:00,2,buy,out,0.09,1.15965,0.0,0.0,299,0.0,-0.36,71.91,4800.999999999988
2018-08-03 17:00:00,2,sell,in,0.09,1.15719,0.0,0.0,300,0.0,0.0,0.0,4800.999999999988
2018-08-03 18:00:00,2,buy,out,0.09,1.15904,0.0,0.0,301,0.0,0.0,-16.65,4784.3499999999885
2018-08-03 21:00:00,2,sell,in,0.09,1.15833,0.0,0.0,302,0.0,0.0,0.0,4784.3499999999885
2018-08-06 18:26:40,3,buy,in,0.1,1.15667,1.16159,0.0,84,0.0,0.0,0.0,4784.3499999999885
2018-08-06 19:00:00,2,buy,out,0.09,1.15637,0.0,0.0,303,0.0,-0.09,17.64,4801.989999999989
2018-08-06 21:00:00,2,sell,in,0.09,1.1553,0.0,0.0,304,0.0,0.0,0.0,4801.989999999989
2018-08-06 22:00:00,2,buy,out,0.09,1.15569,0.0,0.0,305,0.0,0.0,-3.51,4798.479999999989
2018-08-06 23:00:00,2,sell,in,0.09,1.15534,0.0,0.0,306,0.0,0.0,0.0,4798.479999999989
2018-08-07 02:00:00,2,buy,out,0.09,1.15569,0.0,0.0,307,0.0,-0.09,-3.15,4795.329999999989
2018-08-07 10:00:00,2,buy,in,0.01,1.1580700000000002,0.0,0.0,308,0.0,0.0,0.0,4795.329999999989
2018-08-07 20:59:40,3,sell,out,0.1,1.1583,0.0,0.0,85,0.0,-0.07,16.3,4811.629999999989
2018-08-08 11:04:40,3,sell,in,0.1,1.15982,1.1549,0.0,86,0.0,0.0,0.0,4811.629999999989
2018-08-08 12:00:00,2,sell,out,0.01,1.1588200000000002,0.0,0.0,309,0.0,-0.01,0.75,4812.379999999989
2018-08-08 21:00:00,2,buy,in,0.09,1.16107,0.0,0.0,310,0.0,0.0,0.0,4812.379999999989
2018-08-09 10:00:00,2,sell,out,0.09,1.16024,0.0,0.0,311,0.0,-0.19,-7.47,4804.909999999989
2018-08-09 21:55:40,3,buy,out,0.1,1.1549,0.0,0.0,87,0.0,-0.3,49.2,4854.109999999989
2018-08-10 03:43:40,1,buy,out,0.01,1.15288,0.0,0.0,65,0.0,-0.74,0.48,4854.589999999988
2018-08-10 04:00:00,1,sell,in,0.01,1.15339,0.0,0.0,66,0.0,0.0,0.0,4854.589999999988
2018-08-10 13:17:40,1,buy,out,0.01,1.1470200000000002,0.0,0.0,67,0.0,0.0,6.37,4860.959999999988
2018-08-10 13:30:00,1,sell,in,0.01,1.14766,0.0,0.0,68,0.0,0.0,0.0,4860.959999999988
2018-08-10 14:44:40,1,buy,out,0.01,1.14622,0.0,0.0,69,0.0,0.0,1.44,4862.399999999988
2018-08-10 15:00:20,1,sell,in,0.01,1.14644,0.0,0.0,70,0.0,0.0,0.0,4862.399999999988
2018-08-10 22:18:40,1,buy,out,0.01,1.14101,0.0,0.0,71,0.0,0.0,5.43,4867.829999999988
2018-08-10 22:30:00,1,sell,in,0.01,1.14169,0.0,0.0,72,0.0,0.0,0.0,4867.829999999988
2018-08-10 23:05:40,1,buy,out,0.01,1.14083,0.0,0.0,73,0.0,0.0,0.86,4868.689999999988
2018-08-10 23:30:00,1,sell,in,0.01,1.14103,0.0,0.0,74,0.0,0.0,0.0,4868.689999999988
2018-08-13 01:36:20,1,buy,out,0.01,1.13991,0.0,0.0,75,0.0,-0.01,1.12,4869.809999999988
2018-08-13 02:00:00,1,sell,in,0.01,1.13975,0.0,0.0,76,0.0,0.0,0.0,4869.809999999988
2018-08-13 06:39:40,1,buy,out,0.01,1.1387,0.0,0.0,77,0.0,0.0,1.05,4870.859999999988
2018-08-13 07:00:00,1,sell,in,0.01,1.13823,0.0,0.0,78,0.0,0.0,0.0,4870.859999999988
2018-08-13 11:27:40,1,buy,out,0.01,1.1382,0.0,0.0,79,0.0,0.0,0.03,4870.889999999988
2018-08-13 11:30:00,1,buy,in,0.01,1.13844,0.0,0.0,80,0.0,0.0,0.0,4870.889999999988
2018-08-13 15:00:00,2,buy,in,0.1,1.14008,0.0,0.0,312,0.0,0.0,0.0,4870.889999999988
2018-08-13 18:49:40,1,sell,out,0.01,1.14051,0.0,0.0,81,0.0,0.0,2.07,4872.959999999987
2018-08-13 19:00:00,1,buy,in,0.01,1.13971,0.0,0.0,82,0.0,0.0,0.0,4872.959999999987
2018-08-14 00:48:20,1,sell,out,0.01,1.13993,0.0,0.0,83,0.0,-0.01,0.22,4873.179999999988
2018-08-14 01:00:00,1,sell,in,0.01,1.14047,0.0,0.0,84,0.0,0.0,0.0,4873.179999999988
2018-08-14 03:23:20,1,buy,out,0.01,1.14027,0.0,0.0,85,0.0,0.0,0.2,4873.379999999987
2018-08-14 03:30:00,1,buy,in,0.01,1.14045,0.0,0.0,86,0.0,0.0,0.0,4873.379999999987
2018-08-14 05:00:40,1,sell,out,0.01,1.1405299999999998,0.0,0.0,87,0.0,0.0,0.08,4873.459999999987
2018-08-14 05:30:00,1,buy,in,0.01,1.14132,0.0,0.0,88,0.0,0.0,0.0,4873.459999999987
2018-08-14 08:00:00,2,sell,out,0.1,1.14012,0.0,0.0,313,0.0,-0.07,0.4,4873.859999999987
2018-08-14 09:00:00,2,buy,in,0.1,1.14085,0.0,0.0,314,0.0,0.0,0.0,4873.859999999987
2018-08-14 12:00:00,2,sell,out,0.1,1.13854,0.0,0.0,315,0.0,0.0,-23.1,4850.759999999987
2018-08-14 13:00:00,2,buy,in,0.1,1.14052,0.0,0.0,316,0.0,0.0,0.0,4850.759999999987
2018-08-15 18:09:40,3,buy,in,0.1,1.13426,1.13918,0.0,88,0.0,0.0,0.0,4850.759999999987
2018-08-16 08:29:40,3,sell,out,0.1,1.13918,0.0,0.0,89,0.0,-0.21,49.2,4899.959999999986
2018-08-16 19:43:40,3,sell,in,0.1,1.13662,1.1317,0.0,90,0.0,0.0,0.0,4899.959999999986
2018-08-16 20:00:00,2,sell,out,0.1,1.13639,0.0,0.0,317,0.0,-0.28,-41.3,4858.659999999986
2018-08-17 02:00:00,2,sell,in,0.01,1.13733,0.0,0.0,318,0.0,0.0,0.0,4858.659999999986
2018-08-17 05:00:00,2,buy,out,0.01,1.13816,0.0,0.0,319,0.0,0.0,-0.83,4857.829999999986
2018-08-20 02:47:40,1,sell,out,0.01,1.14351,0.0,0.0,89,0.0,-0.05,2.19,4860.019999999986
2018-08-20 03:00:00,1,buy,in,0.01,1.14382,0.0,0.0,90,0.0,0.0,0.0,4860.019999999986
2018-08-20 17:00:00,2,buy,in,0.01,1.14285,0.0,0.0,320,0.0,0.0,0.0,4860.019999999986
2018-08-21 09:32:40,1,sell,out,0.01,1.15231,0.0,0.0,91,0.0,-0.01,8.49,4868.509999999986
2018-08-21 10:00:00,1,buy,in,0.01,1.15142,0.0,0.0,92,0.0,0.0,0.0,4868.509999999986
2018-08-21 12:27:40,1,sell,out,0.01,1.15234,0.0,0.0,93,0.0,0.0,0.92,4869.429999999986
2018-08-21 12:30:00,1,buy,in,0.01,1.15241,0.0,0.0,94,0.0,0.0,0.0,4869.429999999986
2018-08-21 16:00:00,2,sell,out,0.01,1.15038,0.0,0.0,321,0.0,-0.01,7.53,4876.9599999999855
2018-08-21 17:00:00,2,buy,in,0.09,1.15239,0.0,0.0,322,0.0,0.0,0.0,4876.9599999999855
2018-08-22 01:31:40,1,sell,out,0.01,1.15731,0.0,0.0,95,0.0,-0.01,4.9,4881.859999999985
2018-08-22 02:00:00,1,buy,in,0.01,1.1574799999999998,0.0,0.0,96,0.0,0.0,0.0,4881.859999999985
2018-08-22 10:00:00,2,sell,out,0.09,1.15652,0.0,0.0,323,0.0,-0.06,37.17,4919.029999999985
2018-08-22 13:00:00,2,buy,in,0.09,1.15939,0.0,0.0,324,0.0,0.0,0.0,4919.029999999985
2018-08-22 17:15:40,1,sell,out,0.01,1.15959,0.0,0.0,97,0.0,0.0,2.11,4921.139999999985
2018-08-22 17:30:00,1,buy,in,0.01,1.1589200000000002,0.0,0.0,98,0.0,0.0,0.0,4921.139999999985
2018-08-23 00:53:40,1,sell,out,0.01,1.15934,0.0,0.0,99,0.0,-0.02,0.42,4921.559999999985
2018-08-23 01:00:00,1,buy,in,0.01,1.15944,0.0,0.0,100,0.0,0.0,0.0,4921.559999999985
2018-08-23 02:10:40,1,sell,out,0.01,1.15946,0.0,0.0,101,0.0,0.0,0.02,4921.579999999985
2018-08-23 02:30:00,1,sell,in,0.01,1.15931,0.0,0.0,102,0.0,0.0,0.0,4921.579999999985
2018-08-23 03:00:00,2,sell,out,0.09,1.15858,0.0,0.0,325,0.0,-0.19,-7.29,4914.289999999985
2018-08-23 08:42:00,1,buy,out,0.01,1.15619,0.0,0.0,103,0.0,0.0,3.12,4917.409999999985
2018-08-23 09:00:00,1,sell,in,0.01,1.1554799999999998,0.0,0.0,104,0.0,0.0,0.0,4917.409999999985
2018-08-23 14:00:00,2,buy,in,0.09,1.15888,0.0,0.0,326,0.0,0.0,0.0,4917.409999999985
2018-08-23 20:00:00,2,sell,out,0.09,1.15549,0.0,0.0,327,0.0,0.0,-30.51,4886.899999999985
2018-08-24 00:38:40,1,buy,out,0.01,1.1545,0.0,0.0,105,0.0,-0.01,0.98,4887.879999999985
2018-08-24 01:00:00,1,sell,in,0.01,1.15427,0.0,0.0,106,0.0,0.0,0.0,4887.879999999985
2018-08-24 01:45:40,1,buy,out,0.01,1.15415,0.0,0.0,107,0.0,0.0,0.12,4887.9999999999845
2018-08-24 02:00:00,1,sell,in,0.01,1.1539700000000002,0.0,0.0,108,0.0,0.0,0.0,4887.9999999999845
2018-08-24 05:00:00,3,buy,out,0.1,1.15455,0.0,0.0,91,0.0,-0.8,-179.3,4708.699999999984
2018-08-24 05:50:40,3,buy,in,0.1,1.15596,1.16088,0.0,92,0.0,0.0,0.0,4708.699999999984
2018-08-24 07:00:00,2,sell,in,0.01,1.15543,0.0,0.0,328,0.0,0.0,0.0,4708.699999999984
2018-08-24 17:01:40,3,sell,out,0.1,1.16088,0.0,0.0,93,0.0,0.0,49.2,4757.899999999984
2018-08-27 15:00:00,2,buy,out,0.01,1.16297,0.0,0.0,329,0.0,-0.01,-7.54,4750.359999999984
2018-08-28 10:00:00,2,buy,in,0.01,1.16889,0.0,0.0,330,0.0,0.0,0.0,4750.359999999984
2018-08-29 17:00:00,3,buy,in,0.1,1.16898,1.1739,0.0,94,0.0,0.0,0.0,4750.359999999984
2018-08-30 06:00:00,3,sell,out,0.1,1.17006,0.0,0.0,95,0.0,-0.21,10.8,4761.159999999984
2018-08-31 14:00:00,2,sell,out,0.01,1.16658,0.0,0.0,331,0.0,-0.04,-2.31,4758.849999999984
2018-09-03 10:00:00,2,sell,in,0.01,1.1599700000000002,0.0,0.0,332,0.0,0.0,0.0,4758.849999999984
2018-09-03 14:00:00,2,buy,out,0.01,1.16165,0.0,0.0,333,0.0,0.0,-1.68,4757.169999999984
2018-09-04 19:48:40,3,buy,in,0.1,1.1585299999999998,1.16345,0.0,96,0.0,0.0,0.0,4757.169999999984
2018-09-04 22:00:00,2,buy,in,0.01,1.15804,0.0,0.0,334,0.0,0.0,0.0,4757.169999999984
2018-09-05 10:00:00,2,sell,out,0.01,1.15634,0.0,0.0,335,0.0,-0.01,-1.7,4755.469999999984
2018-09-05 14:00:00,2,buy,in,0.01,1.15949,0.0,0.0,336,0.0,0.0,0.0,4755.469999999984
2018-09-05 15:00:00,2,sell,out,0.01,1.15789,0.0,0.0,337,0.0,0.0,-1.6,4753.8699999999835
2018-09-05 16:17:40,3,sell,out,0.1,1.16345,0.0,0.0,97,0.0,-0.07,49.2,4803.069999999983
2018-09-06 09:00:00,2,sell,in,0.01,1.16222,0.0,0.0,338,0.0,0.0,0.0,4803.069999999983
2018-09-06 12:00:00,2,buy,out,0.01,1.16359,0.0,0.0,339,0.0,0.0,-1.37,4801.699999999983
2018-09-06 13:00:00,2,sell,in,0.01,1.16208,0.0,0.0,340,0.0,0.0,0.0,4801.699999999983
2018-09-06 16:00:00,2,buy,out,0.01,1.1642,0.0,0.0,341,0.0,0.0,-2.12,4799.579999999984
2018-09-06 18:00:00,2,sell,in,0.01,1.16308,0.0,0.0,342,0.0,0.0,0.0,4799.579999999984
2018-09-07 08:00:00,2,buy,out,0.01,1.16294,0.0,0.0,343,0.0,-0.01,0.14,4799.719999999984
2018-09-07 09:00:00,2,sell,in,0.09,1.1624,0.0,0.0,344,0.0,0.0,0.0,4799.719999999984
2018-09-10 11:00:00,2,buy,out,0.09,1.15666,0.0,0.0,345,0.0,-0.09,51.66,4851.379999999984
2018-09-11 04:00:00,2,sell,in,0.09,1.15889,0.0,0.0,346,0.0,0.0,0.0,4851.379999999984
2018-09-11 07:00:00,2,buy,out,0.09,1.15985,0.0,0.0,347,0.0,0.0,-8.64,4842.739999999983
2018-09-11 08:00:00,2,buy,in,0.09,1.16015,0.0,0.0,348,0.0,0.0,0.0,4842.739999999983
2018-09-11 13:03:40,3,sell,in,0.1,1.15925,1.15433,0.0,98,0.0,0.0,0.0,4842.739999999983
2018-09-11 14:00:00,2,sell,out,0.09,1.15842,0.0,0.0,349,0.0,0.0,-15.57,4827.169999999984
2018-09-12 00:01:00,2,buy,in,0.01,1.16074,0.0,0.0,350,0.0,0.0,0.0,4827.169999999984
2018-09-12 07:00:00,2,sell,out,0.01,1.1585299999999998,0.0,0.0,351,0.0,0.0,-2.21,4824.959999999984
2018-09-12 11:00:00,2,buy,in,0.01,1.1597,0.0,0.0,352,0.0,0.0,0.0,4824.959999999984
2018-09-12 12:00:00,2,sell,out,0.01,1.15901,0.0,0.0,353,0.0,0.0,-0.69,4824.269999999984
2018-09-12 13:00:00,2,buy,in,0.01,1.15951,0.0,0.0,354,0.0,0.0,0.0,4824.269999999984
2018-09-12 14:00:00,2,sell,out,0.01,1.15804,0.0,0.0,355,0.0,0.0,-1.47,4822.799999999984
2018-09-13 16:00:00,2,buy,in,0.01,1.16795,0.0,0.0,356,0.0,0.0,0.0,4822.799999999984
2018-09-14 15:00:00,2,sell,out,0.01,1.16864,0.0,0.0,357,0.0,-0.01,0.69,4823.489999999983
2018-09-17 06:00:00,3,buy,out,0.1,1.16356,0.0,0.0,99,0.0,-0.6,-43.1,4780.389999999983
2018-09-17 09:00:00,2,buy,in,0.09,1.16377,0.0,0.0,358,0.0,0.0,0.0,4780.389999999983
2018-09-17 10:00:00,2,sell,out,0.09,1.16283,0.0,0.0,359,0.0,0.0,-8.46,4771.929999999983
2018-09-17 11:00:00,2,buy,in,0.09,1.16464,0.0,0.0,360,0.0,0.0,0.0,4771.929999999983
2018-09-18 10:43:40,3,sell,in,0.1,1.1673,1.16238,0.0,100,0.0,0.0,0.0,4771.929999999983
2018-09-18 11:00:00,2,sell,out,0.09,1.16814,0.0,0.0,361,0.0,-0.06,31.5,4803.429999999983
2018-09-18 12:00:00,2,buy,in,0.09,1.16874,0.0,0.0,362,0.0,0.0,0.0,4803.429999999983
2018-09-18 13:00:00,2,sell,out,0.09,1.1677,0.0,0.0,363,0.0,0.0,-9.36,4794.069999999983
2018-09-18 15:00:00,2,buy,in,0.09,1.17069,0.0,0.0,364,0.0,0.0,0.0,4794.069999999983
2018-09-18 20:00:00,2,sell,out,0.09,1.16591,0.0,0.0,365,0.0,0.0,-43.02,4751.049999999983
2018-09-19 08:00:00,3,buy,out,0.1,1.16755,0.0,0.0,101,0.0,-0.1,-2.5,4748.549999999983
2018-09-19 09:00:00,2,buy,in,0.01,1.16872,0.0,0.0,366,0.0,0.0,0.0,4748.549999999983
2018-09-19 16:00:00,2,sell,out,0.01,1.16746,0.0,0.0,367,0.0,0.0,-1.26,4747.289999999983
2018-09-19 19:00:00,2,buy,in,0.01,1.1687,0.0,0.0,368,0.0,0.0,0.0,4747.289999999983
2018-09-19 21:00:00,2,sell,out,0.01,1.16739,0.0,0.0,369,0.0,0.0,-1.31,4745.979999999982
2018-09-20 04:00:00,2,buy,in,0.01,1.16812,0.0,0.0,370,0.0,0.0,0.0,4745.979999999982
2018-09-21 13:00:00,2,sell,out,0.01,1.17771,0.0,0.0,371,0.0,-0.01,9.59,4755.569999999982
2018-09-24 11:02:40,3,buy,in,0.1,1.17524,1.18016,0.0,102,0.0,0.0,0.0,4755.569999999982
2018-09-24 12:00:00,2,buy,in,0.09,1.17681,0.0,0.0,372,0.0,0.0,0.0,4755.569999999982
2018-09-24 16:10:20,3,sell,out,0.1,1.18016,0.0,0.0,103,0.0,0.0,49.2,4804.769999999982
2018-09-24 21:03:40,3,sell,in,0.1,1.17559,1.17067,0.0,104,0.0,0.0,0.0,4804.769999999982
2018-09-24 23:00:00,2,sell,out,0.09,1.17452,0.0,0.0,373,0.0,0.0,-20.61,4784.159999999983
2018-09-25 09:39:59,3,buy,out,0.1,1.17633,0.0,0.0,105,0.0,-0.1,-7.4,4776.759999999983
2018-09-25 10:00:00,2,buy,in,0.09,1.1761,0.0,0.0,374,0.0,0.0,0.0,4776.759999999983
2018-09-25 21:00:00,3,sell,in,0.1,1.17626,1.17134,0.0,106,0.0,0.0,0.0,4776.759999999983
2018-09-26 14:00:00,2,sell,out,0.09,1.17489,0.0,0.0,375,0.0,-0.06,-10.89,4765.869999999983
2018-09-26 18:55:40,3,buy,out,0.1,1.17564,0.0,0.0,107,0.0,-0.1,6.2,4772.069999999982
2018-09-26 20:15:40,3,buy,in,0.1,1.17638,1.1813,0.0,108,0.0,0.0,0.0,4772.069999999982
2018-09-26 21:00:00,2,buy,in,0.01,1.1766,0.0,0.0,376,0.0,0.0,0.0,4772.069999999982
2018-09-26 21:08:40,3,sell,out,0.1,1.17674,0.0,0.0,109,0.0,0.0,3.6,4775.669999999983
2018-09-26 23:00:00,2,sell,out,0.01,1.1746299999999998,0.0,0.0,377,0.0,0.0,-1.97,4773.6999999999825
2018-09-27 03:03:40,3,buy,in,0.1,1.17539,1.18031,0.0,110,0.0,0.0,0.0,4773.6999999999825
2018-09-27 04:00:00,2,buy,in,0.01,1.17541,0.0,0.0,378,0.0,0.0,0.0,4773.6999999999825
2018-09-27 05:00:00,2,sell,out,0.01,1.17414,0.0,0.0,379,0.0,0.0,-1.27,4772.429999999982
2018-09-27 07:00:00,2,buy,in,0.01,1.17513,0.0,0.0,380,0.0,0.0,0.0,4772.429999999982
2018-10-01 05:00:00,2,sell,out,0.01,1.16002,0.0,0.0,381,0.0,-0.02,-15.11,4757.319999999982
2018-10-01 12:00:00,2,buy,in,0.01,1.16074,0.0,0.0,382,0.0,0.0,0.0,4757.319999999982
2018-10-01 15:00:00,2,sell,out,0.01,1.1598700000000002,0.0,0.0,383,0.0,0.0,-0.87,4756.4499999999825
2018-10-01 18:00:00,2,sell,in,0.01,1.1584,0.0,0.0,384,0.0,0.0,0.0,4756.4499999999825
2018-10-02 14:07:40,1,buy,out,0.01,1.15308,0.0,0.0,109,0.0,-0.37,0.89,4757.339999999983
2018-10-02 14:30:00,1,sell,in,0.01,1.15287,0.0,0.0,110,0.0,0.0,0.0,4757.339999999983
2018-10-02 18:00:00,2,buy,out,0.01,1.15569,0.0,0.0,385,0.0,-0.01,2.71,4760.049999999983
2018-10-02 21:00:00,2,sell,in,0.09,1.15422,0.0,0.0,386,0.0,0.0,0.0,4760.049999999983
2018-10-03 13:17:40,3,sell,out,0.1,1.1556,0.0,0.0,111,0.0,-0.28,-197.9,4562.149999999983
2018-10-03 13:17:59,3,sell,in,0.1,1.15566,1.15074,0.0,112,0.0,0.0,0.0,4562.149999999983
2018-10-03 23:22:40,3,buy,out,0.1,1.15074,0.0,0.0,113,0.0,0.0,49.2,4611.349999999983
2018-10-04 08:13:40,1,buy,out,0.01,1.14732,0.0,0.0,111,0.0,-0.04,5.55,4616.899999999983
2018-10-04 08:30:00,1,sell,in,0.01,1.14717,0.0,0.0,112,0.0,0.0,0.0,4616.899999999983
2018-10-05 16:00:00,2,buy,out,0.09,1.15329,0.0,0.0,387,0.0,-0.45,8.37,4625.269999999983
2018-10-05 19:00:00,2,sell,in,0.09,1.14998,0.0,0.0,388,0.0,0.0,0.0,4625.269999999983
2018-10-05 20:00:00,2,buy,out,0.09,1.1513799999999998,0.0,0.0,389,0.0,0.0,-12.6,4612.669999999983
2018-10-08 04:32:40,3,sell,in,0.1,1.15151,1.14659,0.0,114,0.0,0.0,0.0,4612.669999999983
2018-10-08 06:00:00,2,sell,in,0.09,1.15154,0.0,0.0,390,0.0,0.0,0.0,4612.669999999983
2018-10-08 14:05:40,3,buy,out,0.1,1.14659,0.0,0.0,115,0.0,0.0,49.2,4661.869999999983
2018-10-09 16:05:40,1,buy,out,0.01,1.14552,0.0,0.0,113,0.0,-0.03,1.65,4663.519999999982
2018-10-09 16:30:00,1,sell,in,0.01,1.14536,0.0,0.0,114,0.0,0.0,0.0,4663.519999999982
2018-10-09 17:05:40,1,buy,out,0.01,1.14516,0.0,0.0,115,0.0,0.0,0.2,4663.719999999982
2018-10-09 17:30:00,1,buy,in,0.01,1.14796,0.0,0.0,116,0.0,0.0,0.0,4663.719999999982
2018-10-09 18:43:40,3,buy,in,0.1,1.14878,1.1537,0.0,116,0.0,0.0,0.0,4663.719999999982
2018-10-10 00:00:40,1,sell,out,0.01,1.14888,0.0,0.0,117,0.0,-0.01,0.92,4664.639999999982
2018-10-10 00:30:00,1,buy,in,0.01,1.149,0.0,0.0,118,0.0,0.0,0.0,4664.639999999982
2018-10-10 07:35:20,1,sell,out,0.01,1.15059,0.0,0.0,119,0.0,0.0,1.59,4666.229999999982
2018-10-10 08:00:00,1,buy,in,0.01,1.15067,0.0,0.0,120,0.0,0.0,0.0,4666.229999999982
2018-10-10 09:00:20,1,sell,out,0.01,1.15085,0.0,0.0,121,0.0,0.0,0.18,4666.409999999983
2018-10-10 09:30:00,1,sell,in,0.01,1.15015,0.0,0.0,122,0.0,0.0,0.0,4666.409999999983
2018-10-10 10:11:40,3,sell,out,0.1,1.14929,0.0,0.0,117,0.0,-0.07,5.1,4671.509999999983
2018-10-10 10:12:40,3,sell,in,0.1,1.1492,1.14428,0.0,118,0.0,0.0,0.0,4671.509999999983
2018-10-10 13:49:40,1,buy,out,0.01,1.14969,0.0,0.0,123,0.0,0.0,0.46,4671.969999999983
2018-10-10 14:00:00,1,sell,in,0.01,1.15024,0.0,0.0,124,0.0,0.0,0.0,4671.969999999983
2018-10-10 14:00:00,1,sell,in,0.01,1.15024,0.0,0.0,124,0.0,0.0,0.0,4682.9499999999825
2018-10-10 14:00:00,2,buy,out,0.09,1.15032,0.0,0.0,391,0.0,-0.18,10.98,4671.969999999983
2018-10-10 14:00:00,2,buy,out,0.09,1.15032,0.0,0.0,391,0.0,-0.18,10.98,4682.9499999999825
2018-10-10 17:00:00,2,buy,in,0.09,1.15201,0.0,0.0,392,0.0,0.0,0.0,4682.9499999999825
2018-10-12 12:00:00,2,sell,out,0.09,1.1586299999999998,0.0,0.0,393,0.0,-0.25,59.58,4742.5299999999825
2018-10-15 08:06:40,3,buy,out,0.1,1.15528,0.0,0.0,119,0.0,-0.5,-60.8,4681.729999999982
2018-10-15 10:00:00,2,buy,in,0.09,1.15646,0.0,0.0,394,0.0,0.0,0.0,4681.729999999982
2018-10-15 22:47:40,3,sell,in,0.1,1.15753,1.15261,0.0,120,0.0,0.0,0.0,4681.729999999982
2018-10-16 05:00:00,2,sell,out,0.09,1.15839,0.0,0.0,395,0.0,-0.06,17.37,4699.099999999982
2018-10-16 11:00:00,2,buy,in,0.09,1.15942,0.0,0.0,396,0.0,0.0,0.0,4699.099999999982
2018-10-16 13:00:00,2,sell,out,0.09,1.15728,0.0,0.0,397,0.0,0.0,-19.26,4679.839999999982
2018-10-16 15:00:00,2,buy,in,0.09,1.1590200000000002,0.0,0.0,398,0.0,0.0,0.0,4679.839999999982
2018-10-16 21:00:00,2,sell,out,0.09,1.1574,0.0,0.0,399,0.0,0.0,-14.58,4665.259999999982
2018-10-17 13:00:00,3,buy,out,0.1,1.15674,0.0,0.0,121,0.0,-0.2,7.9,4673.159999999982
2018-10-17 13:04:40,3,buy,in,0.1,1.15756,1.16248,0.0,122,0.0,0.0,0.0,4673.159999999982
2018-10-18 04:35:40,1,buy,out,0.01,1.15008,0.0,0.0,125,0.0,-0.1,0.16,4673.3199999999815
2018-10-18 05:00:00,1,sell,in,0.01,1.14975,0.0,0.0,126,0.0,0.0,0.0,4673.3199999999815
2018-10-18 10:22:40,1,buy,out,0.01,1.14962,0.0,0.0,127,0.0,0.0,0.13,4673.449999999982
2018-10-18 10:30:00,1,sell,in,0.01,1.14991,0.0,0.0,128,0.0,0.0,0.0,4673.449999999982
2018-10-18 11:00:00,2,buy,in,0.01,1.15162,0.0,0.0,400,0.0,0.0,0.0,4673.449999999982
2018-10-18 17:00:00,2,sell,out,0.01,1.14914,0.0,0.0,401,0.0,0.0,-2.48,4670.969999999982
2018-10-19 02:12:40,1,buy,out,0.01,1.1458,0.0,0.0,129,0.0,-0.01,4.11,4675.079999999982
2018-10-19 02:30:00,1,sell,in,0.01,1.1457,0.0,0.0,130,0.0,0.0,0.0,4675.079999999982
2018-10-19 04:30:20,1,buy,out,0.01,1.14559,0.0,0.0,131,0.0,0.0,0.11,4675.189999999981
2018-10-19 05:00:00,1,buy,in,0.01,1.14592,0.0,0.0,132,0.0,0.0,0.0,4675.189999999981
2018-10-19 13:00:00,2,buy,in,0.01,1.14598,0.0,0.0,402,0.0,0.0,0.0,4675.189999999981
2018-10-19 22:37:40,1,sell,out,0.01,1.15041,0.0,0.0,133,0.0,0.0,4.49,4679.679999999981
2018-10-19 23:00:20,1,buy,in,0.01,1.15078,0.0,0.0,134,0.0,0.0,0.0,4679.679999999981
2018-10-19 23:34:40,1,sell,out,0.01,1.15081,0.0,0.0,135,0.0,0.0,0.03,4679.709999999981
2018-10-22 00:03:00,1,buy,in,0.01,1.15181,0.0,0.0,136,0.0,0.0,0.0,4679.709999999981
2018-10-22 04:00:00,3,sell,out,0.1,1.15027,0.0,0.0,123,0.0,-0.35,-72.9,4606.809999999981
2018-10-22 11:28:40,1,sell,out,0.01,1.15208,0.0,0.0,137,0.0,0.0,0.27,4607.079999999982
2018-10-22 11:30:00,1,buy,in,0.01,1.15202,0.0,0.0,138,0.0,0.0,0.0,4607.079999999982
2018-10-22 12:51:40,3,sell,in,0.1,1.15024,1.14532,0.0,124,0.0,0.0,0.0,4607.079999999982
2018-10-22 13:00:00,2,sell,out,0.01,1.15027,0.0,0.0,403,0.0,-0.01,4.29,4611.369999999982
2018-10-23 07:02:40,3,buy,out,0.1,1.14532,0.0,0.0,125,0.0,-0.1,49.2,4660.5699999999815
2018-10-23 18:00:00,2,sell,in,0.09,1.1459,0.0,0.0,404,0.0,0.0,0.0,4660.5699999999815
2018-10-23 19:00:00,2,buy,out,0.09,1.1479700000000002,0.0,0.0,405,0.0,0.0,-18.63,4641.939999999981
2018-10-24 08:00:00,2,sell,in,0.09,1.14679,0.0,0.0,406,0.0,0.0,0.0,4641.939999999981
2018-10-25 04:00:00,2,buy,out,0.09,1.14071,0.0,0.0,407,0.0,-0.27,54.72,4696.659999999982
2018-10-25 17:00:00,2,sell,in,0.1,1.13802,0.0,0.0,408,0.0,0.0,0.0,4696.659999999982
2018-10-26 11:00:00,2,buy,out,0.1,1.13766,0.0,0.0,409,0.0,-0.1,3.6,4700.259999999982
2018-10-26 13:00:00,2,sell,in,0.1,1.13552,0.0,0.0,410,0.0,0.0,0.0,4700.259999999982
2018-10-26 17:23:40,3,buy,in,0.1,1.13708,1.1420000000000001,0.0,126,0.0,0.0,0.0,4700.259999999982
2018-10-26 18:00:00,2,buy,out,0.1,1.13708,0.0,0.0,411,0.0,0.0,-15.6,4684.659999999982
2018-10-26 23:05:20,3,sell,out,0.1,1.1420000000000001,0.0,0.0,127,0.0,0.0,49.2,4733.8599999999815
2018-10-29 09:00:00,2,sell,in,0.1,1.1392,0.0,0.0,412,0.0,0.0,0.0,4733.8599999999815
2018-10-29 10:00:00,2,buy,out,0.1,1.14088,0.0,0.0,413,0.0,0.0,-16.8,4717.059999999981
2018-10-29 10:26:40,3,sell,in,0.1,1.1389,1.13398,0.0,128,0.0,0.0,0.0,4717.059999999981
2018-10-29 11:00:00,2,sell,in,0.01,1.13829,0.0,0.0,414,0.0,0.0,0.0,4717.059999999981
2018-10-30 05:33:20,3,buy,out,0.1,1.1383,0.0,0.0,129,0.0,-0.1,6.0,4723.059999999981
2018-10-30 16:00:00,3,buy,in,0.1,1.13751,1.1424299999999998,0.0,130,0.0,0.0,0.0,4723.059999999981
2018-10-31 10:00:00,2,buy,out,0.01,1.13473,0.0,0.0,415,0.0,-0.02,3.56,4726.619999999982
2018-10-31 12:00:00,2,sell,in,0.1,1.13374,0.0,0.0,416,0.0,0.0,0.0,4726.619999999982
2018-10-31 14:00:00,2,buy,out,0.1,1.1344,0.0,0.0,417,0.0,0.0,-6.6,4720.019999999981
2018-11-01 03:00:00,2,buy,in,0.1,1.13284,0.0,0.0,418,0.0,0.0,0.0,4720.019999999981
2018-11-02 00:00:00,3,sell,out,0.1,1.14014,0.0,0.0,131,0.0,-0.35,26.3,4746.3199999999815
2018-11-02 04:00:00,2,sell,out,0.1,1.13929,0.0,0.0,419,0.0,-0.07,64.5,4810.8199999999815
2018-11-02 07:00:00,2,buy,in,0.1,1.14094,0.0,0.0,420,0.0,0.0,0.0,4810.8199999999815
2018-11-02 15:20:40,3,sell,in,0.1,1.14073,1.13581,0.0,132,0.0,0.0,0.0,4810.8199999999815
2018-11-02 18:00:00,2,sell,out,0.1,1.13774,0.0,0.0,421,0.0,0.0,-32.0,4778.8199999999815
2018-11-05 09:08:40,3,buy,out,0.1,1.13993,0.0,0.0,133,0.0,-0.1,8.0,4786.8199999999815
2018-11-05 09:08:59,3,buy,in,0.1,1.13982,1.14474,0.0,134,0.0,0.0,0.0,4786.8199999999815
2018-11-05 17:00:00,2,buy,in,0.1,1.13978,0.0,0.0,422,0.0,0.0,0.0,4786.8199999999815
2018-11-06 06:00:00,3,sell,out,0.1,1.14056,0.0,0.0,135,0.0,-0.07,7.4,4794.219999999981
2018-11-06 06:21:20,3,sell,in,0.1,1.13998,1.13506,0.0,136,0.0,0.0,0.0,4794.219999999981
2018-11-06 07:00:00,2,sell,out,0.1,1.13993,0.0,0.0,423,0.0,-0.07,1.5,4795.719999999981
2018-11-06 08:00:00,2,buy,in,0.1,1.14058,0.0,0.0,424,0.0,0.0,0.0,4795.719999999981
2018-11-06 12:00:00,2,sell,out,0.1,1.14056,0.0,0.0,425,0.0,0.0,-0.2,4795.519999999981
2018-11-06 15:00:00,2,buy,in,0.1,1.14185,0.0,0.0,426,0.0,0.0,0.0,4795.519999999981
2018-11-07 19:00:00,2,sell,out,0.1,1.14582,0.0,0.0,427,0.0,-0.07,39.7,4835.219999999981
2018-11-07 20:00:00,2,buy,in,0.1,1.14644,0.0,0.0,428,0.0,0.0,0.0,4835.219999999981
2018-11-08 10:04:40,3,buy,out,0.1,1.14399,0.0,0.0,137,0.0,-0.4,-40.1,4795.119999999981
2018-11-08 10:05:40,3,buy,in,0.1,1.14422,1.14914,0.0,138,0.0,0.0,0.0,4795.119999999981
2018-11-08 18:00:00,2,sell,out,0.1,1.1425299999999998,0.0,0.0,429,0.0,-0.21,-39.1,4756.01999999998
2018-11-09 17:00:00,2,sell,in,0.1,1.13407,0.0,0.0,430,0.0,0.0,0.0,4756.01999999998
2018-11-09 18:00:00,2,buy,out,0.1,1.13529,0.0,0.0,431,0.0,0.0,-12.2,4743.819999999981
2018-11-09 19:00:00,2,sell,in,0.01,1.13245,0.0,0.0,432,0.0,0.0,0.0,4743.819999999981
2018-11-14 07:00:00,3,sell,out,0.1,1.12869,0.0,0.0,139,0.0,-0.28,-155.3,4588.51999999998
2018-11-14 17:00:00,2,buy,out,0.01,1.13339,0.0,0.0,433,0.0,-0.03,-0.94,4587.579999999981
2018-11-15 10:57:40,3,sell,in,0.1,1.13068,1.12576,0.0,140,0.0,0.0,0.0,4587.579999999981
2018-11-15 12:00:00,2,sell,in,0.01,1.1285,0.0,0.0,434,0.0,0.0,0.0,4587.579999999981
2018-11-15 12:55:40,3,buy,out,0.1,1.13011,0.0,0.0,141,0.0,0.0,5.7,4593.279999999981
2018-11-15 19:00:00,2,buy,out,0.01,1.13227,0.0,0.0,435,0.0,0.0,-3.77,4589.50999999998
2018-11-15 20:00:00,2,sell,in,0.01,1.13147,0.0,0.0,436,0.0,0.0,0.0,4589.50999999998
2018-11-16 12:05:40,3,sell,in,0.1,1.13296,1.12804,0.0,142,0.0,0.0,0.0,4589.50999999998
2018-11-16 15:00:00,2,buy,out,0.01,1.1337700000000002,0.0,0.0,437,0.0,-0.01,-2.3,4587.20999999998
2018-11-19 07:00:00,2,sell,in,0.01,1.13974,0.0,0.0,438,0.0,0.0,0.0,4587.20999999998
2018-11-19 11:00:00,2,buy,out,0.01,1.14183,0.0,0.0,439,0.0,0.0,-2.09,4585.11999999998
2018-11-20 08:00:00,2,buy,in,0.01,1.14488,0.0,0.0,440,0.0,0.0,0.0,4585.11999999998
2018-11-20 11:00:00,2,sell,out,0.01,1.14309,0.0,0.0,441,0.0,0.0,-1.79,4583.32999999998
2018-11-21 05:00:00,3,buy,out,0.1,1.1374,0.0,0.0,143,0.0,-0.3,-44.4,4538.92999999998
2018-11-21 08:00:00,2,buy,in,0.01,1.13806,0.0,0.0,442,0.0,0.0,0.0,4538.92999999998
2018-11-22 07:00:00,2,sell,out,0.01,1.13919,0.0,0.0,443,0.0,-0.02,1.13,4540.05999999998
2018-11-22 17:02:40,3,sell,in,0.1,1.13971,1.13479,0.0,144,0.0,0.0,0.0,4540.05999999998
2018-11-23 05:00:00,2,buy,in,0.09,1.14094,0.0,0.0,444,0.0,0.0,0.0,4540.05999999998
2018-11-23 11:00:00,2,sell,out,0.09,1.13697,0.0,0.0,445,0.0,0.0,-35.73,4504.329999999981
2018-11-23 12:55:20,3,buy,out,0.1,1.13479,0.0,0.0,145,0.0,-0.1,49.2,4553.529999999981
2018-11-26 07:00:00,2,buy,in,0.09,1.13461,0.0,0.0,446,0.0,0.0,0.0,4553.529999999981
2018-11-26 18:00:00,2,sell,out,0.09,1.13395,0.0,0.0,447,0.0,0.0,-5.94,4547.589999999981
2018-11-27 08:00:00,2,buy,in,0.01,1.1343,0.0,0.0,448,0.0,0.0,0.0,4547.589999999981
2018-11-27 09:00:00,2,sell,out,0.01,1.13285,0.0,0.0,449,0.0,0.0,-1.45,4546.139999999981
2018-11-27 15:21:40,3,buy,in,0.1,1.13335,1.13827,0.0,146,0.0,0.0,0.0,4546.139999999981
2018-11-28 10:00:00,2,sell,in,0.01,1.12779,0.0,0.0,450,0.0,0.0,0.0,4546.139999999981
2018-11-28 19:27:40,3,sell,out,0.1,1.13394,0.0,0.0,147,0.0,-0.07,5.9,4552.039999999981
2018-11-28 20:00:00,2,buy,out,0.01,1.13445,0.0,0.0,451,0.0,0.0,-6.66,4545.379999999981
2018-11-29 15:00:00,2,buy,in,0.01,1.13868,0.0,0.0,452,0.0,0.0,0.0,4545.379999999981
2018-11-29 16:00:00,2,sell,out,0.01,1.13713,0.0,0.0,453,0.0,0.0,-1.55,4543.829999999981
2018-11-29 17:00:00,2,buy,in,0.01,1.13844,0.0,0.0,454,0.0,0.0,0.0,4543.829999999981
2018-11-29 20:00:00,2,sell,out,0.01,1.13722,0.0,0.0,455,0.0,0.0,-1.22,4542.609999999981
2018-11-29 22:00:00,2,buy,in,0.01,1.13894,0.0,0.0,456,0.0,0.0,0.0,4542.609999999981
2018-11-30 10:00:00,2,sell,out,0.01,1.13808,0.0,0.0,457,0.0,-0.01,-0.86,4541.749999999981
2018-12-03 19:00:00,2,buy,in,0.01,1.1356,0.0,0.0,458,0.0,0.0,0.0,4541.749999999981
2018-12-03 21:00:00,2,sell,out,0.01,1.13508,0.0,0.0,459,0.0,0.0,-0.52,4541.2299999999805
2018-12-03 22:00:00,2,sell,in,0.01,1.13419,0.0,0.0,460,0.0,0.0,0.0,4541.2299999999805
2018-12-04 00:00:30,2,buy,out,0.01,1.13553,0.0,0.0,461,0.0,-0.01,-1.34,4539.88999999998
2018-12-04 17:25:40,3,sell,in,0.1,1.13747,1.13255,0.0,148,0.0,0.0,0.0,4539.88999999998
2018-12-04 18:00:00,2,sell,in,0.01,1.13499,0.0,0.0,462,0.0,0.0,0.0,4539.88999999998
2018-12-04 19:10:40,3,buy,out,0.1,1.13255,0.0,0.0,149,0.0,0.0,49.2,4589.08999999998
2018-12-05 18:00:00,2,buy,out,0.01,1.13424,0.0,0.0,463,0.0,-0.01,0.75,4589.83999999998
2018-12-06 05:00:00,2,sell,in,0.09,1.13428,0.0,0.0,464,0.0,0.0,0.0,4589.83999999998
2018-12-06 07:00:00,2,buy,out,0.09,1.13477,0.0,0.0,465,0.0,0.0,-4.41,4585.42999999998
2018-12-06 09:00:00,2,sell,in,0.09,1.13322,0.0,0.0,466,0.0,0.0,0.0,4585.42999999998
2018-12-06 15:00:00,2,buy,out,0.09,1.13487,0.0,0.0,467,0.0,0.0,-14.85,4570.57999999998
2018-12-07 07:00:00,2,sell,in,0.01,1.13734,0.0,0.0,468,0.0,0.0,0.0,4570.57999999998
2018-12-07 11:00:00,2,buy,out,0.01,1.13778,0.0,0.0,469,0.0,0.0,-0.44,4570.13999999998
2018-12-07 12:00:00,2,sell,in,0.01,1.13656,0.0,0.0,470,0.0,0.0,0.0,4570.13999999998
2018-12-07 14:00:00,2,buy,out,0.01,1.13813,0.0,0.0,471,0.0,0.0,-1.57,4568.569999999981
2018-12-07 15:00:00,2,sell,in,0.01,1.1366,0.0,0.0,472,0.0,0.0,0.0,4568.569999999981
2018-12-07 16:00:00,2,buy,out,0.01,1.13891,0.0,0.0,473,0.0,0.0,-2.31,4566.25999999998
2018-12-10 15:00:00,2,buy,in,0.01,1.14237,0.0,0.0,474,0.0,0.0,0.0,4566.25999999998
2018-12-10 16:00:00,2,sell,out,0.01,1.14107,0.0,0.0,475,0.0,0.0,-1.3,4564.95999999998
2018-12-11 17:00:00,2,sell,in,0.01,1.13353,0.0,0.0,476,0.0,0.0,0.0,4564.95999999998
2018-12-12 08:00:00,2,buy,out,0.01,1.13331,0.0,0.0,477,0.0,-0.01,0.22,4565.17999999998
2018-12-12 11:00:00,2,sell,in,0.09,1.13217,0.0,0.0,478,0.0,0.0,0.0,4565.17999999998
2018-12-12 12:00:00,2,buy,out,0.09,1.1333799999999998,0.0,0.0,479,0.0,0.0,-10.89,4554.28999999998
2018-12-13 07:00:00,2,sell,in,0.09,1.13645,0.0,0.0,480,0.0,0.0,0.0,4554.28999999998
2018-12-13 09:00:00,2,buy,out,0.09,1.1371,0.0,0.0,481,0.0,0.0,-5.85,4548.43999999998
2018-12-13 14:45:40,3,sell,in,0.1,1.1359,1.13098,0.0,150,0.0,0.0,0.0,4548.43999999998
2018-12-13 15:00:00,2,sell,in,0.01,1.13678,0.0,0.0,482,0.0,0.0,0.0,4548.43999999998
2018-12-14 04:00:00,2,buy,out,0.01,1.13639,0.0,0.0,483,0.0,-0.01,0.39,4548.82999999998
2018-12-14 05:00:00,2,sell,in,0.09,1.13595,0.0,0.0,484,0.0,0.0,0.0,4548.82999999998
2018-12-14 10:42:40,3,buy,out,0.1,1.13098,0.0,0.0,151,0.0,-0.1,49.2,4598.02999999998
2018-12-17 01:00:00,2,buy,out,0.09,1.13064,0.0,0.0,485,0.0,-0.09,47.79,4645.81999999998
2018-12-18 08:00:00,2,sell,in,0.09,1.13448,0.0,0.0,486,0.0,0.0,0.0,4645.81999999998
2018-12-18 10:00:00,2,buy,out,0.09,1.13583,0.0,0.0,487,0.0,0.0,-12.15,4633.66999999998
2018-12-18 18:13:20,3,sell,in,0.1,1.13566,1.13074,0.0,152,0.0,0.0,0.0,4633.66999999998
2018-12-18 19:00:00,2,sell,in,0.09,1.13601,0.0,0.0,488,0.0,0.0,0.0,4633.66999999998
2018-12-18 21:00:00,2,buy,out,0.09,1.1369200000000002,0.0,0.0,489,0.0,0.0,-8.19,4625.4799999999805
2018-12-18 22:00:00,2,sell,in,0.01,1.1355,0.0,0.0,490,0.0,0.0,0.0,4625.4799999999805
2018-12-19 01:00:00,2,buy,out,0.01,1.13702,0.0,0.0,491,0.0,-0.01,-1.52,4623.95999999998
2018-12-19 02:00:00,2,buy,in,0.01,1.13761,0.0,0.0,492,0.0,0.0,0.0,4623.95999999998
2018-12-19 22:00:00,2,sell,out,0.01,1.13712,0.0,0.0,493,0.0,0.0,-0.49,4623.46999999998
2018-12-20 09:00:00,2,buy,in,0.01,1.14094,0.0,0.0,494,0.0,0.0,0.0,4623.46999999998
2018-12-21 03:00:00,2,sell,out,0.01,1.1449200000000002,0.0,0.0,495,0.0,-0.01,3.98,4627.44999999998
2018-12-21 09:00:00,2,buy,in,0.09,1.14562,0.0,0.0,496,0.0,0.0,0.0,4627.44999999998
2018-12-21 11:00:00,2,sell,out,0.09,1.14437,0.0,0.0,497,0.0,0.0,-11.25,4616.19999999998
2018-12-24 04:00:00,3,buy,out,0.1,1.13807,0.0,0.0,153,0.0,-0.6,-24.1,4592.099999999979
2018-12-24 10:00:00,2,sell,in,0.09,1.13771,0.0,0.0,498,0.0,0.0,0.0,4592.099999999979
2018-12-26 18:00:00,2,buy,out,0.09,1.14068,0.0,0.0,499,0.0,-0.09,-26.73,4565.36999999998
2018-12-26 20:00:00,2,sell,in,0.01,1.13552,0.0,0.0,500,0.0,0.0,0.0,4565.36999999998
2018-12-27 04:14:40,3,buy,in,0.1,1.13801,1.14293,0.0,154,0.0,0.0,0.0,4565.36999999998
2018-12-27 05:00:00,2,buy,out,0.01,1.13813,0.0,0.0,501,0.0,-0.04,-2.61,4562.75999999998
2018-12-27 15:00:00,2,sell,in,0.01,1.13674,0.0,0.0,502,0.0,0.0,0.0,4562.75999999998
2018-12-27 16:00:00,2,buy,out,0.01,1.1397700000000002,0.0,0.0,503,0.0,0.0,-3.03,4559.7299999999805
2018-12-27 16:59:40,3,sell,out,0.1,1.14293,0.0,0.0,155,0.0,0.0,49.2,4608.92999999998
2018-12-28 12:00:00,2,sell,in,0.01,1.14424,0.0,0.0,504,0.0,0.0,0.0,4608.92999999998
2018-12-28 13:00:00,2,buy,out,0.01,1.1465299999999998,0.0,0.0,505,0.0,0.0,-2.29,4606.63999999998
2018-12-28 18:00:00,2,sell,in,0.01,1.14367,0.0,0.0,506,0.0,0.0,0.0,4606.63999999998
2018-12-28 23:57:59,2,buy,out,0.01,1.1443,0.0,0.0,507,0.0,0.0,-0.63,4606.00999999998
2018-12-28 23:57:59,2,buy,out,0.01,1.1443,0.0,0.0,507,0.0,0.0,-0.63,4597.96999999998
2018-12-28 23:57:59,1,sell,out,0.01,1.14398,0.0,0.0,139,0.0,-0.59,-8.04,4606.00999999998
2018-12-28 23:57:59,1,sell,out,0.01,1.14398,0.0,0.0,139,0.0,-0.59,-8.04,4597.96999999998
